BEGIN TRANSACTION;
CREATE TABLE booking(
    bookingid INTEGER PRIMARY KEY AUTOINCREMENT,
    userid INTEGER,
    showingid INTEGER,
    bookingtime TEXT,
    totalprice REAL,
    otherinfo TEXT,
    FOREIGN KEY(userid) REFERENCES user(userid),
    FOREIGN KEY(showingid) REFERENCES showing(showingid)
    );
CREATE TABLE bookingdetail(
    bookingdetailid INTEGER PRIMARY KEY AUTOINCREMENT,
    bookingid INTEGER,
    seatid INTEGER,
    FOREIGN KEY(bookingid) REFERENCES booking(bookingid),
    FOREIGN KEY(seatid) REFERENCES seat(seatid)
    );
CREATE TABLE film (
    filmid INTEGER PRIMARY KEY AUTOINCREMENT,
    title TEXT,
    description TEXT,
    duration REAL,
    releasedate TEXT,
    rating TEXT,
    posterurl TEXT,
    actors TEXT,
    director TEXT
    );
INSERT INTO "film" VALUES(1,'Mufasa: The Lion King','Simba, having become king of the Pride Lands, is determined for his cub to follow in his footsteps while the origins of his late father Mufasa are explored.',118.0,'20th Dec 2024','PG','https://upload.wikimedia.org/wikipedia/en/0/0b/Mufasa_The_Lion_King_Movie_2024.jpeg','Aaron Pierre, Kelvin Harrison Jr., Seth Rogen, Billy Eichner, John Kani','Barry Jenkins');
INSERT INTO "film" VALUES(2,'A Complete Unknown','Set in the influential New York music scene of the early 60s, A COMPLETE UNKNOWN follows 19-year-old Minnesota musician BOB DYLAN’s meteoric rise as a folk singer.',140.0,'17th Jan 2025','15','https://upload.wikimedia.org/wikipedia/en/d/d5/A_Complete_Unknown_poster.jpg','Timothée Chalamet, Elle Fanning, Scoot McNairy, Dan Fogler, Boyd Holbrook, Edward Norton, Norbert Leo Butz, Monica Barbaro','James Mangold');
INSERT INTO "film" VALUES(3,'Nosferatu','Robert Eggers’ Nosferatu is a gothic tale of obsession between a haunted young woman and the terrifying vampire infatuated with her, causing untold horror in its wake.',132.0,'1st Jan 2025','15','https://upload.wikimedia.org/wikipedia/en/4/48/Nosferatu_IMAX_poster_2024.jpg','Emma Corrin, Aaron Taylor-Johnson, Bill Skarsgård, Nicholas Hoult, Willem Dafoe','Robert Eggers');
INSERT INTO "film" VALUES(4,'Sonic the Hedgehog 3','Sonic, Knuckles, and Tails reunite against a powerful new adversary, Shadow, a mysterious villain with powers unlike anything they have faced before.',110.0,'21st Dec 2024','PG','https://upload.wikimedia.org/wikipedia/en/f/f2/Sonic_the_Hedgehog_3_film_poster.jpg','Ben Schwartz, Colleen O''Shaughnessey, Idris Elba, Keanu Reeves, Jim Carrey','Jeff Fowler');
INSERT INTO "film" VALUES(5,'We Live in Time','An up-and-coming chef and a recent divorcée find their lives forever changed when a chance encounter brings them together, in a decade-spanning, deeply moving romance.',107.0,'1st Jan 2025','15','https://upload.wikimedia.org/wikipedia/en/3/32/We_live_in_time_poster.jpg','Andrew Garfield, Florence Pugh, Marama Corlett, Adam James','John Crowley');
INSERT INTO "film" VALUES(6,'Moana 2','After receiving an unexpected call from her wayfinding ancestors, Moana must journey to the far seas of Oceania and into dangerous, long-lost waters for an adventure.',100.0,'29th Nov 2024','PG','https://upload.wikimedia.org/wikipedia/en/7/73/Moana_2_poster.jpg','Auli''i Cravalho, Dwayne Johnson, Alan Tudyk','Dave Derrick Jr.');
INSERT INTO "film" VALUES(7,'Babygirl','Despite the risk and prejudices, a very successful CEO begins an illicit affair with her much younger intern.',115.0,'10th Jan 2025','18','https://upload.wikimedia.org/wikipedia/en/0/0c/Babygirl_%28film_poster%29.png','Nicole Kidman, Antonio Banderas, Jean Reno, Harris Dickinson, Sophie Wilde, Anoop Desai','Halina Reijn');
INSERT INTO "film" VALUES(8,'Better Man','Better Man looks at the rise, fall and resurrection of Robbie Williams – one of the UK’s bestselling artists of all time.',135.0,'26th Dec 2024','15','https://upload.wikimedia.org/wikipedia/en/a/a3/Better_Man_film_poster.jpg','Damon Herriman, Alison Steadman, Anthony Hayes, Steve Pemberton, Kate Mulvany, Robbie Williams, Jonno Davies, Raechelle Banno','Michael Gracey');
INSERT INTO "film" VALUES(9,'Wicked','Wicked, the untold story of the witches of Oz, stars Cynthia Erivo as Elphaba, a young woman misunderstood because of her unusual green skin.',160.0,'22nd Nov 2024','PG','https://upload.wikimedia.org/wikipedia/en/3/3c/Wicked_%282024_film%29_poster.png','Peter Dinklage, Jeff Goldblum, Michelle Yeoh, Cynthia Erivo, Keala Settle, Ariana Grande, Bowen Yang, Marissa Bode, Jonathan Bailey, Bronwyn James, Ethan Slater','Jon M. Chu');
CREATE TABLE ratingicon (rating TEXT, icon TEXT);
INSERT INTO "ratingicon" VALUES('U','https://upload.wikimedia.org/wikipedia/commons/b/b3/BBFC_U_2019.svg');
INSERT INTO "ratingicon" VALUES('PG','https://upload.wikimedia.org/wikipedia/commons/1/14/BBFC_PG_2019.svg');
INSERT INTO "ratingicon" VALUES('12A','https://upload.wikimedia.org/wikipedia/commons/f/fc/BBFC_12A_2019.svg');
INSERT INTO "ratingicon" VALUES('15','https://upload.wikimedia.org/wikipedia/commons/b/b5/BBFC_15_2019.svg');
INSERT INTO "ratingicon" VALUES('18','https://upload.wikimedia.org/wikipedia/commons/4/43/BBFC_18_2019.svg');
CREATE TABLE screen(
    screenid INTEGER PRIMARY KEY AUTOINCREMENT,
    screenname TEXT
    );
INSERT INTO "screen" VALUES(1,'Screen 1');
INSERT INTO "screen" VALUES(2,'Screen 2');
INSERT INTO "screen" VALUES(3,'Screen 3');
INSERT INTO "screen" VALUES(4,'Screen 4');
INSERT INTO "screen" VALUES(5,'Screen 5');
INSERT INTO "screen" VALUES(6,'Screen 6');
INSERT INTO "screen" VALUES(7,'Screen 7');
INSERT INTO "screen" VALUES(8,'Screen 8');
INSERT INTO "screen" VALUES(9,'Screen 9');
INSERT INTO "screen" VALUES(10,'Screen 10');
INSERT INTO "screen" VALUES(11,'Screen 11');
CREATE TABLE seat(
    seatid INTEGER PRIMARY KEY AUTOINCREMENT,
    screenid INTEGER,
    rownum VARCHAR(1),
    seatnum INTEGER,
    FOREIGN KEY(screenid) REFERENCES screen(screenid)
    );
INSERT INTO "seat" VALUES(1,1,'A',1);
INSERT INTO "seat" VALUES(2,1,'A',2);
INSERT INTO "seat" VALUES(3,1,'A',3);
INSERT INTO "seat" VALUES(4,1,'A',4);
INSERT INTO "seat" VALUES(5,1,'A',5);
INSERT INTO "seat" VALUES(6,1,'A',6);
INSERT INTO "seat" VALUES(7,1,'A',7);
INSERT INTO "seat" VALUES(8,1,'A',8);
INSERT INTO "seat" VALUES(9,1,'A',9);
INSERT INTO "seat" VALUES(10,1,'A',10);
INSERT INTO "seat" VALUES(11,1,'A',11);
INSERT INTO "seat" VALUES(12,1,'A',12);
INSERT INTO "seat" VALUES(13,1,'A',13);
INSERT INTO "seat" VALUES(14,1,'A',14);
INSERT INTO "seat" VALUES(15,1,'A',15);
INSERT INTO "seat" VALUES(16,1,'B',1);
INSERT INTO "seat" VALUES(17,1,'B',2);
INSERT INTO "seat" VALUES(18,1,'B',3);
INSERT INTO "seat" VALUES(19,1,'B',4);
INSERT INTO "seat" VALUES(20,1,'B',5);
INSERT INTO "seat" VALUES(21,1,'B',6);
INSERT INTO "seat" VALUES(22,1,'B',7);
INSERT INTO "seat" VALUES(23,1,'B',8);
INSERT INTO "seat" VALUES(24,1,'B',9);
INSERT INTO "seat" VALUES(25,1,'B',10);
INSERT INTO "seat" VALUES(26,1,'B',11);
INSERT INTO "seat" VALUES(27,1,'B',12);
INSERT INTO "seat" VALUES(28,1,'B',13);
INSERT INTO "seat" VALUES(29,1,'B',14);
INSERT INTO "seat" VALUES(30,1,'B',15);
INSERT INTO "seat" VALUES(31,1,'C',1);
INSERT INTO "seat" VALUES(32,1,'C',2);
INSERT INTO "seat" VALUES(33,1,'C',3);
INSERT INTO "seat" VALUES(34,1,'C',4);
INSERT INTO "seat" VALUES(35,1,'C',5);
INSERT INTO "seat" VALUES(36,1,'C',6);
INSERT INTO "seat" VALUES(37,1,'C',7);
INSERT INTO "seat" VALUES(38,1,'C',8);
INSERT INTO "seat" VALUES(39,1,'C',9);
INSERT INTO "seat" VALUES(40,1,'C',10);
INSERT INTO "seat" VALUES(41,1,'C',11);
INSERT INTO "seat" VALUES(42,1,'C',12);
INSERT INTO "seat" VALUES(43,1,'C',13);
INSERT INTO "seat" VALUES(44,1,'C',14);
INSERT INTO "seat" VALUES(45,1,'C',15);
INSERT INTO "seat" VALUES(46,1,'D',1);
INSERT INTO "seat" VALUES(47,1,'D',2);
INSERT INTO "seat" VALUES(48,1,'D',3);
INSERT INTO "seat" VALUES(49,1,'D',4);
INSERT INTO "seat" VALUES(50,1,'D',5);
INSERT INTO "seat" VALUES(51,1,'D',6);
INSERT INTO "seat" VALUES(52,1,'D',7);
INSERT INTO "seat" VALUES(53,1,'D',8);
INSERT INTO "seat" VALUES(54,1,'D',9);
INSERT INTO "seat" VALUES(55,1,'D',10);
INSERT INTO "seat" VALUES(56,1,'D',11);
INSERT INTO "seat" VALUES(57,1,'D',12);
INSERT INTO "seat" VALUES(58,1,'D',13);
INSERT INTO "seat" VALUES(59,1,'D',14);
INSERT INTO "seat" VALUES(60,1,'D',15);
INSERT INTO "seat" VALUES(61,1,'E',1);
INSERT INTO "seat" VALUES(62,1,'E',2);
INSERT INTO "seat" VALUES(63,1,'E',3);
INSERT INTO "seat" VALUES(64,1,'E',4);
INSERT INTO "seat" VALUES(65,1,'E',5);
INSERT INTO "seat" VALUES(66,1,'E',6);
INSERT INTO "seat" VALUES(67,1,'E',7);
INSERT INTO "seat" VALUES(68,1,'E',8);
INSERT INTO "seat" VALUES(69,1,'E',9);
INSERT INTO "seat" VALUES(70,1,'E',10);
INSERT INTO "seat" VALUES(71,1,'E',11);
INSERT INTO "seat" VALUES(72,1,'E',12);
INSERT INTO "seat" VALUES(73,1,'E',13);
INSERT INTO "seat" VALUES(74,1,'E',14);
INSERT INTO "seat" VALUES(75,1,'E',15);
INSERT INTO "seat" VALUES(76,1,'F',1);
INSERT INTO "seat" VALUES(77,1,'F',2);
INSERT INTO "seat" VALUES(78,1,'F',3);
INSERT INTO "seat" VALUES(79,1,'F',4);
INSERT INTO "seat" VALUES(80,1,'F',5);
INSERT INTO "seat" VALUES(81,1,'F',6);
INSERT INTO "seat" VALUES(82,1,'F',7);
INSERT INTO "seat" VALUES(83,1,'F',8);
INSERT INTO "seat" VALUES(84,1,'F',9);
INSERT INTO "seat" VALUES(85,1,'F',10);
INSERT INTO "seat" VALUES(86,1,'F',11);
INSERT INTO "seat" VALUES(87,1,'F',12);
INSERT INTO "seat" VALUES(88,1,'F',13);
INSERT INTO "seat" VALUES(89,1,'F',14);
INSERT INTO "seat" VALUES(90,1,'F',15);
INSERT INTO "seat" VALUES(91,1,'G',1);
INSERT INTO "seat" VALUES(92,1,'G',2);
INSERT INTO "seat" VALUES(93,1,'G',3);
INSERT INTO "seat" VALUES(94,1,'G',4);
INSERT INTO "seat" VALUES(95,1,'G',5);
INSERT INTO "seat" VALUES(96,1,'G',6);
INSERT INTO "seat" VALUES(97,1,'G',7);
INSERT INTO "seat" VALUES(98,1,'G',8);
INSERT INTO "seat" VALUES(99,1,'G',9);
INSERT INTO "seat" VALUES(100,1,'G',10);
INSERT INTO "seat" VALUES(101,1,'G',11);
INSERT INTO "seat" VALUES(102,1,'G',12);
INSERT INTO "seat" VALUES(103,1,'G',13);
INSERT INTO "seat" VALUES(104,1,'G',14);
INSERT INTO "seat" VALUES(105,1,'G',15);
INSERT INTO "seat" VALUES(106,1,'H',1);
INSERT INTO "seat" VALUES(107,1,'H',2);
INSERT INTO "seat" VALUES(108,1,'H',3);
INSERT INTO "seat" VALUES(109,1,'H',4);
INSERT INTO "seat" VALUES(110,1,'H',5);
INSERT INTO "seat" VALUES(111,1,'H',6);
INSERT INTO "seat" VALUES(112,1,'H',7);
INSERT INTO "seat" VALUES(113,1,'H',8);
INSERT INTO "seat" VALUES(114,1,'H',9);
INSERT INTO "seat" VALUES(115,1,'H',10);
INSERT INTO "seat" VALUES(116,1,'H',11);
INSERT INTO "seat" VALUES(117,1,'H',12);
INSERT INTO "seat" VALUES(118,1,'H',13);
INSERT INTO "seat" VALUES(119,1,'H',14);
INSERT INTO "seat" VALUES(120,1,'H',15);
INSERT INTO "seat" VALUES(121,1,'I',1);
INSERT INTO "seat" VALUES(122,1,'I',2);
INSERT INTO "seat" VALUES(123,1,'I',3);
INSERT INTO "seat" VALUES(124,1,'I',4);
INSERT INTO "seat" VALUES(125,1,'I',5);
INSERT INTO "seat" VALUES(126,1,'I',6);
INSERT INTO "seat" VALUES(127,1,'I',7);
INSERT INTO "seat" VALUES(128,1,'I',8);
INSERT INTO "seat" VALUES(129,1,'I',9);
INSERT INTO "seat" VALUES(130,1,'I',10);
INSERT INTO "seat" VALUES(131,1,'I',11);
INSERT INTO "seat" VALUES(132,1,'I',12);
INSERT INTO "seat" VALUES(133,1,'I',13);
INSERT INTO "seat" VALUES(134,1,'I',14);
INSERT INTO "seat" VALUES(135,1,'I',15);
INSERT INTO "seat" VALUES(136,1,'J',1);
INSERT INTO "seat" VALUES(137,1,'J',2);
INSERT INTO "seat" VALUES(138,1,'J',3);
INSERT INTO "seat" VALUES(139,1,'J',4);
INSERT INTO "seat" VALUES(140,1,'J',5);
INSERT INTO "seat" VALUES(141,1,'J',6);
INSERT INTO "seat" VALUES(142,1,'J',7);
INSERT INTO "seat" VALUES(143,1,'J',8);
INSERT INTO "seat" VALUES(144,1,'J',9);
INSERT INTO "seat" VALUES(145,1,'J',10);
INSERT INTO "seat" VALUES(146,1,'J',11);
INSERT INTO "seat" VALUES(147,1,'J',12);
INSERT INTO "seat" VALUES(148,1,'J',13);
INSERT INTO "seat" VALUES(149,1,'J',14);
INSERT INTO "seat" VALUES(150,1,'J',15);
INSERT INTO "seat" VALUES(151,2,'A',1);
INSERT INTO "seat" VALUES(152,2,'A',2);
INSERT INTO "seat" VALUES(153,2,'A',3);
INSERT INTO "seat" VALUES(154,2,'A',4);
INSERT INTO "seat" VALUES(155,2,'A',5);
INSERT INTO "seat" VALUES(156,2,'A',6);
INSERT INTO "seat" VALUES(157,2,'A',7);
INSERT INTO "seat" VALUES(158,2,'A',8);
INSERT INTO "seat" VALUES(159,2,'A',9);
INSERT INTO "seat" VALUES(160,2,'A',10);
INSERT INTO "seat" VALUES(161,2,'A',11);
INSERT INTO "seat" VALUES(162,2,'A',12);
INSERT INTO "seat" VALUES(163,2,'A',13);
INSERT INTO "seat" VALUES(164,2,'A',14);
INSERT INTO "seat" VALUES(165,2,'A',15);
INSERT INTO "seat" VALUES(166,2,'B',1);
INSERT INTO "seat" VALUES(167,2,'B',2);
INSERT INTO "seat" VALUES(168,2,'B',3);
INSERT INTO "seat" VALUES(169,2,'B',4);
INSERT INTO "seat" VALUES(170,2,'B',5);
INSERT INTO "seat" VALUES(171,2,'B',6);
INSERT INTO "seat" VALUES(172,2,'B',7);
INSERT INTO "seat" VALUES(173,2,'B',8);
INSERT INTO "seat" VALUES(174,2,'B',9);
INSERT INTO "seat" VALUES(175,2,'B',10);
INSERT INTO "seat" VALUES(176,2,'B',11);
INSERT INTO "seat" VALUES(177,2,'B',12);
INSERT INTO "seat" VALUES(178,2,'B',13);
INSERT INTO "seat" VALUES(179,2,'B',14);
INSERT INTO "seat" VALUES(180,2,'B',15);
INSERT INTO "seat" VALUES(181,2,'C',1);
INSERT INTO "seat" VALUES(182,2,'C',2);
INSERT INTO "seat" VALUES(183,2,'C',3);
INSERT INTO "seat" VALUES(184,2,'C',4);
INSERT INTO "seat" VALUES(185,2,'C',5);
INSERT INTO "seat" VALUES(186,2,'C',6);
INSERT INTO "seat" VALUES(187,2,'C',7);
INSERT INTO "seat" VALUES(188,2,'C',8);
INSERT INTO "seat" VALUES(189,2,'C',9);
INSERT INTO "seat" VALUES(190,2,'C',10);
INSERT INTO "seat" VALUES(191,2,'C',11);
INSERT INTO "seat" VALUES(192,2,'C',12);
INSERT INTO "seat" VALUES(193,2,'C',13);
INSERT INTO "seat" VALUES(194,2,'C',14);
INSERT INTO "seat" VALUES(195,2,'C',15);
INSERT INTO "seat" VALUES(196,2,'D',1);
INSERT INTO "seat" VALUES(197,2,'D',2);
INSERT INTO "seat" VALUES(198,2,'D',3);
INSERT INTO "seat" VALUES(199,2,'D',4);
INSERT INTO "seat" VALUES(200,2,'D',5);
INSERT INTO "seat" VALUES(201,2,'D',6);
INSERT INTO "seat" VALUES(202,2,'D',7);
INSERT INTO "seat" VALUES(203,2,'D',8);
INSERT INTO "seat" VALUES(204,2,'D',9);
INSERT INTO "seat" VALUES(205,2,'D',10);
INSERT INTO "seat" VALUES(206,2,'D',11);
INSERT INTO "seat" VALUES(207,2,'D',12);
INSERT INTO "seat" VALUES(208,2,'D',13);
INSERT INTO "seat" VALUES(209,2,'D',14);
INSERT INTO "seat" VALUES(210,2,'D',15);
INSERT INTO "seat" VALUES(211,2,'E',1);
INSERT INTO "seat" VALUES(212,2,'E',2);
INSERT INTO "seat" VALUES(213,2,'E',3);
INSERT INTO "seat" VALUES(214,2,'E',4);
INSERT INTO "seat" VALUES(215,2,'E',5);
INSERT INTO "seat" VALUES(216,2,'E',6);
INSERT INTO "seat" VALUES(217,2,'E',7);
INSERT INTO "seat" VALUES(218,2,'E',8);
INSERT INTO "seat" VALUES(219,2,'E',9);
INSERT INTO "seat" VALUES(220,2,'E',10);
INSERT INTO "seat" VALUES(221,2,'E',11);
INSERT INTO "seat" VALUES(222,2,'E',12);
INSERT INTO "seat" VALUES(223,2,'E',13);
INSERT INTO "seat" VALUES(224,2,'E',14);
INSERT INTO "seat" VALUES(225,2,'E',15);
INSERT INTO "seat" VALUES(226,2,'F',1);
INSERT INTO "seat" VALUES(227,2,'F',2);
INSERT INTO "seat" VALUES(228,2,'F',3);
INSERT INTO "seat" VALUES(229,2,'F',4);
INSERT INTO "seat" VALUES(230,2,'F',5);
INSERT INTO "seat" VALUES(231,2,'F',6);
INSERT INTO "seat" VALUES(232,2,'F',7);
INSERT INTO "seat" VALUES(233,2,'F',8);
INSERT INTO "seat" VALUES(234,2,'F',9);
INSERT INTO "seat" VALUES(235,2,'F',10);
INSERT INTO "seat" VALUES(236,2,'F',11);
INSERT INTO "seat" VALUES(237,2,'F',12);
INSERT INTO "seat" VALUES(238,2,'F',13);
INSERT INTO "seat" VALUES(239,2,'F',14);
INSERT INTO "seat" VALUES(240,2,'F',15);
INSERT INTO "seat" VALUES(241,2,'G',1);
INSERT INTO "seat" VALUES(242,2,'G',2);
INSERT INTO "seat" VALUES(243,2,'G',3);
INSERT INTO "seat" VALUES(244,2,'G',4);
INSERT INTO "seat" VALUES(245,2,'G',5);
INSERT INTO "seat" VALUES(246,2,'G',6);
INSERT INTO "seat" VALUES(247,2,'G',7);
INSERT INTO "seat" VALUES(248,2,'G',8);
INSERT INTO "seat" VALUES(249,2,'G',9);
INSERT INTO "seat" VALUES(250,2,'G',10);
INSERT INTO "seat" VALUES(251,2,'G',11);
INSERT INTO "seat" VALUES(252,2,'G',12);
INSERT INTO "seat" VALUES(253,2,'G',13);
INSERT INTO "seat" VALUES(254,2,'G',14);
INSERT INTO "seat" VALUES(255,2,'G',15);
INSERT INTO "seat" VALUES(256,2,'H',1);
INSERT INTO "seat" VALUES(257,2,'H',2);
INSERT INTO "seat" VALUES(258,2,'H',3);
INSERT INTO "seat" VALUES(259,2,'H',4);
INSERT INTO "seat" VALUES(260,2,'H',5);
INSERT INTO "seat" VALUES(261,2,'H',6);
INSERT INTO "seat" VALUES(262,2,'H',7);
INSERT INTO "seat" VALUES(263,2,'H',8);
INSERT INTO "seat" VALUES(264,2,'H',9);
INSERT INTO "seat" VALUES(265,2,'H',10);
INSERT INTO "seat" VALUES(266,2,'H',11);
INSERT INTO "seat" VALUES(267,2,'H',12);
INSERT INTO "seat" VALUES(268,2,'H',13);
INSERT INTO "seat" VALUES(269,2,'H',14);
INSERT INTO "seat" VALUES(270,2,'H',15);
INSERT INTO "seat" VALUES(271,2,'I',1);
INSERT INTO "seat" VALUES(272,2,'I',2);
INSERT INTO "seat" VALUES(273,2,'I',3);
INSERT INTO "seat" VALUES(274,2,'I',4);
INSERT INTO "seat" VALUES(275,2,'I',5);
INSERT INTO "seat" VALUES(276,2,'I',6);
INSERT INTO "seat" VALUES(277,2,'I',7);
INSERT INTO "seat" VALUES(278,2,'I',8);
INSERT INTO "seat" VALUES(279,2,'I',9);
INSERT INTO "seat" VALUES(280,2,'I',10);
INSERT INTO "seat" VALUES(281,2,'I',11);
INSERT INTO "seat" VALUES(282,2,'I',12);
INSERT INTO "seat" VALUES(283,2,'I',13);
INSERT INTO "seat" VALUES(284,2,'I',14);
INSERT INTO "seat" VALUES(285,2,'I',15);
INSERT INTO "seat" VALUES(286,2,'J',1);
INSERT INTO "seat" VALUES(287,2,'J',2);
INSERT INTO "seat" VALUES(288,2,'J',3);
INSERT INTO "seat" VALUES(289,2,'J',4);
INSERT INTO "seat" VALUES(290,2,'J',5);
INSERT INTO "seat" VALUES(291,2,'J',6);
INSERT INTO "seat" VALUES(292,2,'J',7);
INSERT INTO "seat" VALUES(293,2,'J',8);
INSERT INTO "seat" VALUES(294,2,'J',9);
INSERT INTO "seat" VALUES(295,2,'J',10);
INSERT INTO "seat" VALUES(296,2,'J',11);
INSERT INTO "seat" VALUES(297,2,'J',12);
INSERT INTO "seat" VALUES(298,2,'J',13);
INSERT INTO "seat" VALUES(299,2,'J',14);
INSERT INTO "seat" VALUES(300,2,'J',15);
INSERT INTO "seat" VALUES(301,3,'A',1);
INSERT INTO "seat" VALUES(302,3,'A',2);
INSERT INTO "seat" VALUES(303,3,'A',3);
INSERT INTO "seat" VALUES(304,3,'A',4);
INSERT INTO "seat" VALUES(305,3,'A',5);
INSERT INTO "seat" VALUES(306,3,'A',6);
INSERT INTO "seat" VALUES(307,3,'A',7);
INSERT INTO "seat" VALUES(308,3,'A',8);
INSERT INTO "seat" VALUES(309,3,'A',9);
INSERT INTO "seat" VALUES(310,3,'A',10);
INSERT INTO "seat" VALUES(311,3,'A',11);
INSERT INTO "seat" VALUES(312,3,'A',12);
INSERT INTO "seat" VALUES(313,3,'A',13);
INSERT INTO "seat" VALUES(314,3,'A',14);
INSERT INTO "seat" VALUES(315,3,'A',15);
INSERT INTO "seat" VALUES(316,3,'B',1);
INSERT INTO "seat" VALUES(317,3,'B',2);
INSERT INTO "seat" VALUES(318,3,'B',3);
INSERT INTO "seat" VALUES(319,3,'B',4);
INSERT INTO "seat" VALUES(320,3,'B',5);
INSERT INTO "seat" VALUES(321,3,'B',6);
INSERT INTO "seat" VALUES(322,3,'B',7);
INSERT INTO "seat" VALUES(323,3,'B',8);
INSERT INTO "seat" VALUES(324,3,'B',9);
INSERT INTO "seat" VALUES(325,3,'B',10);
INSERT INTO "seat" VALUES(326,3,'B',11);
INSERT INTO "seat" VALUES(327,3,'B',12);
INSERT INTO "seat" VALUES(328,3,'B',13);
INSERT INTO "seat" VALUES(329,3,'B',14);
INSERT INTO "seat" VALUES(330,3,'B',15);
INSERT INTO "seat" VALUES(331,3,'C',1);
INSERT INTO "seat" VALUES(332,3,'C',2);
INSERT INTO "seat" VALUES(333,3,'C',3);
INSERT INTO "seat" VALUES(334,3,'C',4);
INSERT INTO "seat" VALUES(335,3,'C',5);
INSERT INTO "seat" VALUES(336,3,'C',6);
INSERT INTO "seat" VALUES(337,3,'C',7);
INSERT INTO "seat" VALUES(338,3,'C',8);
INSERT INTO "seat" VALUES(339,3,'C',9);
INSERT INTO "seat" VALUES(340,3,'C',10);
INSERT INTO "seat" VALUES(341,3,'C',11);
INSERT INTO "seat" VALUES(342,3,'C',12);
INSERT INTO "seat" VALUES(343,3,'C',13);
INSERT INTO "seat" VALUES(344,3,'C',14);
INSERT INTO "seat" VALUES(345,3,'C',15);
INSERT INTO "seat" VALUES(346,3,'D',1);
INSERT INTO "seat" VALUES(347,3,'D',2);
INSERT INTO "seat" VALUES(348,3,'D',3);
INSERT INTO "seat" VALUES(349,3,'D',4);
INSERT INTO "seat" VALUES(350,3,'D',5);
INSERT INTO "seat" VALUES(351,3,'D',6);
INSERT INTO "seat" VALUES(352,3,'D',7);
INSERT INTO "seat" VALUES(353,3,'D',8);
INSERT INTO "seat" VALUES(354,3,'D',9);
INSERT INTO "seat" VALUES(355,3,'D',10);
INSERT INTO "seat" VALUES(356,3,'D',11);
INSERT INTO "seat" VALUES(357,3,'D',12);
INSERT INTO "seat" VALUES(358,3,'D',13);
INSERT INTO "seat" VALUES(359,3,'D',14);
INSERT INTO "seat" VALUES(360,3,'D',15);
INSERT INTO "seat" VALUES(361,3,'E',1);
INSERT INTO "seat" VALUES(362,3,'E',2);
INSERT INTO "seat" VALUES(363,3,'E',3);
INSERT INTO "seat" VALUES(364,3,'E',4);
INSERT INTO "seat" VALUES(365,3,'E',5);
INSERT INTO "seat" VALUES(366,3,'E',6);
INSERT INTO "seat" VALUES(367,3,'E',7);
INSERT INTO "seat" VALUES(368,3,'E',8);
INSERT INTO "seat" VALUES(369,3,'E',9);
INSERT INTO "seat" VALUES(370,3,'E',10);
INSERT INTO "seat" VALUES(371,3,'E',11);
INSERT INTO "seat" VALUES(372,3,'E',12);
INSERT INTO "seat" VALUES(373,3,'E',13);
INSERT INTO "seat" VALUES(374,3,'E',14);
INSERT INTO "seat" VALUES(375,3,'E',15);
INSERT INTO "seat" VALUES(376,3,'F',1);
INSERT INTO "seat" VALUES(377,3,'F',2);
INSERT INTO "seat" VALUES(378,3,'F',3);
INSERT INTO "seat" VALUES(379,3,'F',4);
INSERT INTO "seat" VALUES(380,3,'F',5);
INSERT INTO "seat" VALUES(381,3,'F',6);
INSERT INTO "seat" VALUES(382,3,'F',7);
INSERT INTO "seat" VALUES(383,3,'F',8);
INSERT INTO "seat" VALUES(384,3,'F',9);
INSERT INTO "seat" VALUES(385,3,'F',10);
INSERT INTO "seat" VALUES(386,3,'F',11);
INSERT INTO "seat" VALUES(387,3,'F',12);
INSERT INTO "seat" VALUES(388,3,'F',13);
INSERT INTO "seat" VALUES(389,3,'F',14);
INSERT INTO "seat" VALUES(390,3,'F',15);
INSERT INTO "seat" VALUES(391,3,'G',1);
INSERT INTO "seat" VALUES(392,3,'G',2);
INSERT INTO "seat" VALUES(393,3,'G',3);
INSERT INTO "seat" VALUES(394,3,'G',4);
INSERT INTO "seat" VALUES(395,3,'G',5);
INSERT INTO "seat" VALUES(396,3,'G',6);
INSERT INTO "seat" VALUES(397,3,'G',7);
INSERT INTO "seat" VALUES(398,3,'G',8);
INSERT INTO "seat" VALUES(399,3,'G',9);
INSERT INTO "seat" VALUES(400,3,'G',10);
INSERT INTO "seat" VALUES(401,3,'G',11);
INSERT INTO "seat" VALUES(402,3,'G',12);
INSERT INTO "seat" VALUES(403,3,'G',13);
INSERT INTO "seat" VALUES(404,3,'G',14);
INSERT INTO "seat" VALUES(405,3,'G',15);
INSERT INTO "seat" VALUES(406,3,'H',1);
INSERT INTO "seat" VALUES(407,3,'H',2);
INSERT INTO "seat" VALUES(408,3,'H',3);
INSERT INTO "seat" VALUES(409,3,'H',4);
INSERT INTO "seat" VALUES(410,3,'H',5);
INSERT INTO "seat" VALUES(411,3,'H',6);
INSERT INTO "seat" VALUES(412,3,'H',7);
INSERT INTO "seat" VALUES(413,3,'H',8);
INSERT INTO "seat" VALUES(414,3,'H',9);
INSERT INTO "seat" VALUES(415,3,'H',10);
INSERT INTO "seat" VALUES(416,3,'H',11);
INSERT INTO "seat" VALUES(417,3,'H',12);
INSERT INTO "seat" VALUES(418,3,'H',13);
INSERT INTO "seat" VALUES(419,3,'H',14);
INSERT INTO "seat" VALUES(420,3,'H',15);
INSERT INTO "seat" VALUES(421,3,'I',1);
INSERT INTO "seat" VALUES(422,3,'I',2);
INSERT INTO "seat" VALUES(423,3,'I',3);
INSERT INTO "seat" VALUES(424,3,'I',4);
INSERT INTO "seat" VALUES(425,3,'I',5);
INSERT INTO "seat" VALUES(426,3,'I',6);
INSERT INTO "seat" VALUES(427,3,'I',7);
INSERT INTO "seat" VALUES(428,3,'I',8);
INSERT INTO "seat" VALUES(429,3,'I',9);
INSERT INTO "seat" VALUES(430,3,'I',10);
INSERT INTO "seat" VALUES(431,3,'I',11);
INSERT INTO "seat" VALUES(432,3,'I',12);
INSERT INTO "seat" VALUES(433,3,'I',13);
INSERT INTO "seat" VALUES(434,3,'I',14);
INSERT INTO "seat" VALUES(435,3,'I',15);
INSERT INTO "seat" VALUES(436,3,'J',1);
INSERT INTO "seat" VALUES(437,3,'J',2);
INSERT INTO "seat" VALUES(438,3,'J',3);
INSERT INTO "seat" VALUES(439,3,'J',4);
INSERT INTO "seat" VALUES(440,3,'J',5);
INSERT INTO "seat" VALUES(441,3,'J',6);
INSERT INTO "seat" VALUES(442,3,'J',7);
INSERT INTO "seat" VALUES(443,3,'J',8);
INSERT INTO "seat" VALUES(444,3,'J',9);
INSERT INTO "seat" VALUES(445,3,'J',10);
INSERT INTO "seat" VALUES(446,3,'J',11);
INSERT INTO "seat" VALUES(447,3,'J',12);
INSERT INTO "seat" VALUES(448,3,'J',13);
INSERT INTO "seat" VALUES(449,3,'J',14);
INSERT INTO "seat" VALUES(450,3,'J',15);
INSERT INTO "seat" VALUES(451,4,'A',1);
INSERT INTO "seat" VALUES(452,4,'A',2);
INSERT INTO "seat" VALUES(453,4,'A',3);
INSERT INTO "seat" VALUES(454,4,'A',4);
INSERT INTO "seat" VALUES(455,4,'A',5);
INSERT INTO "seat" VALUES(456,4,'A',6);
INSERT INTO "seat" VALUES(457,4,'A',7);
INSERT INTO "seat" VALUES(458,4,'A',8);
INSERT INTO "seat" VALUES(459,4,'A',9);
INSERT INTO "seat" VALUES(460,4,'A',10);
INSERT INTO "seat" VALUES(461,4,'A',11);
INSERT INTO "seat" VALUES(462,4,'A',12);
INSERT INTO "seat" VALUES(463,4,'A',13);
INSERT INTO "seat" VALUES(464,4,'A',14);
INSERT INTO "seat" VALUES(465,4,'A',15);
INSERT INTO "seat" VALUES(466,4,'B',1);
INSERT INTO "seat" VALUES(467,4,'B',2);
INSERT INTO "seat" VALUES(468,4,'B',3);
INSERT INTO "seat" VALUES(469,4,'B',4);
INSERT INTO "seat" VALUES(470,4,'B',5);
INSERT INTO "seat" VALUES(471,4,'B',6);
INSERT INTO "seat" VALUES(472,4,'B',7);
INSERT INTO "seat" VALUES(473,4,'B',8);
INSERT INTO "seat" VALUES(474,4,'B',9);
INSERT INTO "seat" VALUES(475,4,'B',10);
INSERT INTO "seat" VALUES(476,4,'B',11);
INSERT INTO "seat" VALUES(477,4,'B',12);
INSERT INTO "seat" VALUES(478,4,'B',13);
INSERT INTO "seat" VALUES(479,4,'B',14);
INSERT INTO "seat" VALUES(480,4,'B',15);
INSERT INTO "seat" VALUES(481,4,'C',1);
INSERT INTO "seat" VALUES(482,4,'C',2);
INSERT INTO "seat" VALUES(483,4,'C',3);
INSERT INTO "seat" VALUES(484,4,'C',4);
INSERT INTO "seat" VALUES(485,4,'C',5);
INSERT INTO "seat" VALUES(486,4,'C',6);
INSERT INTO "seat" VALUES(487,4,'C',7);
INSERT INTO "seat" VALUES(488,4,'C',8);
INSERT INTO "seat" VALUES(489,4,'C',9);
INSERT INTO "seat" VALUES(490,4,'C',10);
INSERT INTO "seat" VALUES(491,4,'C',11);
INSERT INTO "seat" VALUES(492,4,'C',12);
INSERT INTO "seat" VALUES(493,4,'C',13);
INSERT INTO "seat" VALUES(494,4,'C',14);
INSERT INTO "seat" VALUES(495,4,'C',15);
INSERT INTO "seat" VALUES(496,4,'D',1);
INSERT INTO "seat" VALUES(497,4,'D',2);
INSERT INTO "seat" VALUES(498,4,'D',3);
INSERT INTO "seat" VALUES(499,4,'D',4);
INSERT INTO "seat" VALUES(500,4,'D',5);
INSERT INTO "seat" VALUES(501,4,'D',6);
INSERT INTO "seat" VALUES(502,4,'D',7);
INSERT INTO "seat" VALUES(503,4,'D',8);
INSERT INTO "seat" VALUES(504,4,'D',9);
INSERT INTO "seat" VALUES(505,4,'D',10);
INSERT INTO "seat" VALUES(506,4,'D',11);
INSERT INTO "seat" VALUES(507,4,'D',12);
INSERT INTO "seat" VALUES(508,4,'D',13);
INSERT INTO "seat" VALUES(509,4,'D',14);
INSERT INTO "seat" VALUES(510,4,'D',15);
INSERT INTO "seat" VALUES(511,4,'E',1);
INSERT INTO "seat" VALUES(512,4,'E',2);
INSERT INTO "seat" VALUES(513,4,'E',3);
INSERT INTO "seat" VALUES(514,4,'E',4);
INSERT INTO "seat" VALUES(515,4,'E',5);
INSERT INTO "seat" VALUES(516,4,'E',6);
INSERT INTO "seat" VALUES(517,4,'E',7);
INSERT INTO "seat" VALUES(518,4,'E',8);
INSERT INTO "seat" VALUES(519,4,'E',9);
INSERT INTO "seat" VALUES(520,4,'E',10);
INSERT INTO "seat" VALUES(521,4,'E',11);
INSERT INTO "seat" VALUES(522,4,'E',12);
INSERT INTO "seat" VALUES(523,4,'E',13);
INSERT INTO "seat" VALUES(524,4,'E',14);
INSERT INTO "seat" VALUES(525,4,'E',15);
INSERT INTO "seat" VALUES(526,4,'F',1);
INSERT INTO "seat" VALUES(527,4,'F',2);
INSERT INTO "seat" VALUES(528,4,'F',3);
INSERT INTO "seat" VALUES(529,4,'F',4);
INSERT INTO "seat" VALUES(530,4,'F',5);
INSERT INTO "seat" VALUES(531,4,'F',6);
INSERT INTO "seat" VALUES(532,4,'F',7);
INSERT INTO "seat" VALUES(533,4,'F',8);
INSERT INTO "seat" VALUES(534,4,'F',9);
INSERT INTO "seat" VALUES(535,4,'F',10);
INSERT INTO "seat" VALUES(536,4,'F',11);
INSERT INTO "seat" VALUES(537,4,'F',12);
INSERT INTO "seat" VALUES(538,4,'F',13);
INSERT INTO "seat" VALUES(539,4,'F',14);
INSERT INTO "seat" VALUES(540,4,'F',15);
INSERT INTO "seat" VALUES(541,4,'G',1);
INSERT INTO "seat" VALUES(542,4,'G',2);
INSERT INTO "seat" VALUES(543,4,'G',3);
INSERT INTO "seat" VALUES(544,4,'G',4);
INSERT INTO "seat" VALUES(545,4,'G',5);
INSERT INTO "seat" VALUES(546,4,'G',6);
INSERT INTO "seat" VALUES(547,4,'G',7);
INSERT INTO "seat" VALUES(548,4,'G',8);
INSERT INTO "seat" VALUES(549,4,'G',9);
INSERT INTO "seat" VALUES(550,4,'G',10);
INSERT INTO "seat" VALUES(551,4,'G',11);
INSERT INTO "seat" VALUES(552,4,'G',12);
INSERT INTO "seat" VALUES(553,4,'G',13);
INSERT INTO "seat" VALUES(554,4,'G',14);
INSERT INTO "seat" VALUES(555,4,'G',15);
INSERT INTO "seat" VALUES(556,4,'H',1);
INSERT INTO "seat" VALUES(557,4,'H',2);
INSERT INTO "seat" VALUES(558,4,'H',3);
INSERT INTO "seat" VALUES(559,4,'H',4);
INSERT INTO "seat" VALUES(560,4,'H',5);
INSERT INTO "seat" VALUES(561,4,'H',6);
INSERT INTO "seat" VALUES(562,4,'H',7);
INSERT INTO "seat" VALUES(563,4,'H',8);
INSERT INTO "seat" VALUES(564,4,'H',9);
INSERT INTO "seat" VALUES(565,4,'H',10);
INSERT INTO "seat" VALUES(566,4,'H',11);
INSERT INTO "seat" VALUES(567,4,'H',12);
INSERT INTO "seat" VALUES(568,4,'H',13);
INSERT INTO "seat" VALUES(569,4,'H',14);
INSERT INTO "seat" VALUES(570,4,'H',15);
INSERT INTO "seat" VALUES(571,4,'I',1);
INSERT INTO "seat" VALUES(572,4,'I',2);
INSERT INTO "seat" VALUES(573,4,'I',3);
INSERT INTO "seat" VALUES(574,4,'I',4);
INSERT INTO "seat" VALUES(575,4,'I',5);
INSERT INTO "seat" VALUES(576,4,'I',6);
INSERT INTO "seat" VALUES(577,4,'I',7);
INSERT INTO "seat" VALUES(578,4,'I',8);
INSERT INTO "seat" VALUES(579,4,'I',9);
INSERT INTO "seat" VALUES(580,4,'I',10);
INSERT INTO "seat" VALUES(581,4,'I',11);
INSERT INTO "seat" VALUES(582,4,'I',12);
INSERT INTO "seat" VALUES(583,4,'I',13);
INSERT INTO "seat" VALUES(584,4,'I',14);
INSERT INTO "seat" VALUES(585,4,'I',15);
INSERT INTO "seat" VALUES(586,4,'J',1);
INSERT INTO "seat" VALUES(587,4,'J',2);
INSERT INTO "seat" VALUES(588,4,'J',3);
INSERT INTO "seat" VALUES(589,4,'J',4);
INSERT INTO "seat" VALUES(590,4,'J',5);
INSERT INTO "seat" VALUES(591,4,'J',6);
INSERT INTO "seat" VALUES(592,4,'J',7);
INSERT INTO "seat" VALUES(593,4,'J',8);
INSERT INTO "seat" VALUES(594,4,'J',9);
INSERT INTO "seat" VALUES(595,4,'J',10);
INSERT INTO "seat" VALUES(596,4,'J',11);
INSERT INTO "seat" VALUES(597,4,'J',12);
INSERT INTO "seat" VALUES(598,4,'J',13);
INSERT INTO "seat" VALUES(599,4,'J',14);
INSERT INTO "seat" VALUES(600,4,'J',15);
INSERT INTO "seat" VALUES(601,5,'A',1);
INSERT INTO "seat" VALUES(602,5,'A',2);
INSERT INTO "seat" VALUES(603,5,'A',3);
INSERT INTO "seat" VALUES(604,5,'A',4);
INSERT INTO "seat" VALUES(605,5,'A',5);
INSERT INTO "seat" VALUES(606,5,'A',6);
INSERT INTO "seat" VALUES(607,5,'A',7);
INSERT INTO "seat" VALUES(608,5,'A',8);
INSERT INTO "seat" VALUES(609,5,'A',9);
INSERT INTO "seat" VALUES(610,5,'A',10);
INSERT INTO "seat" VALUES(611,5,'A',11);
INSERT INTO "seat" VALUES(612,5,'A',12);
INSERT INTO "seat" VALUES(613,5,'A',13);
INSERT INTO "seat" VALUES(614,5,'A',14);
INSERT INTO "seat" VALUES(615,5,'A',15);
INSERT INTO "seat" VALUES(616,5,'B',1);
INSERT INTO "seat" VALUES(617,5,'B',2);
INSERT INTO "seat" VALUES(618,5,'B',3);
INSERT INTO "seat" VALUES(619,5,'B',4);
INSERT INTO "seat" VALUES(620,5,'B',5);
INSERT INTO "seat" VALUES(621,5,'B',6);
INSERT INTO "seat" VALUES(622,5,'B',7);
INSERT INTO "seat" VALUES(623,5,'B',8);
INSERT INTO "seat" VALUES(624,5,'B',9);
INSERT INTO "seat" VALUES(625,5,'B',10);
INSERT INTO "seat" VALUES(626,5,'B',11);
INSERT INTO "seat" VALUES(627,5,'B',12);
INSERT INTO "seat" VALUES(628,5,'B',13);
INSERT INTO "seat" VALUES(629,5,'B',14);
INSERT INTO "seat" VALUES(630,5,'B',15);
INSERT INTO "seat" VALUES(631,5,'C',1);
INSERT INTO "seat" VALUES(632,5,'C',2);
INSERT INTO "seat" VALUES(633,5,'C',3);
INSERT INTO "seat" VALUES(634,5,'C',4);
INSERT INTO "seat" VALUES(635,5,'C',5);
INSERT INTO "seat" VALUES(636,5,'C',6);
INSERT INTO "seat" VALUES(637,5,'C',7);
INSERT INTO "seat" VALUES(638,5,'C',8);
INSERT INTO "seat" VALUES(639,5,'C',9);
INSERT INTO "seat" VALUES(640,5,'C',10);
INSERT INTO "seat" VALUES(641,5,'C',11);
INSERT INTO "seat" VALUES(642,5,'C',12);
INSERT INTO "seat" VALUES(643,5,'C',13);
INSERT INTO "seat" VALUES(644,5,'C',14);
INSERT INTO "seat" VALUES(645,5,'C',15);
INSERT INTO "seat" VALUES(646,5,'D',1);
INSERT INTO "seat" VALUES(647,5,'D',2);
INSERT INTO "seat" VALUES(648,5,'D',3);
INSERT INTO "seat" VALUES(649,5,'D',4);
INSERT INTO "seat" VALUES(650,5,'D',5);
INSERT INTO "seat" VALUES(651,5,'D',6);
INSERT INTO "seat" VALUES(652,5,'D',7);
INSERT INTO "seat" VALUES(653,5,'D',8);
INSERT INTO "seat" VALUES(654,5,'D',9);
INSERT INTO "seat" VALUES(655,5,'D',10);
INSERT INTO "seat" VALUES(656,5,'D',11);
INSERT INTO "seat" VALUES(657,5,'D',12);
INSERT INTO "seat" VALUES(658,5,'D',13);
INSERT INTO "seat" VALUES(659,5,'D',14);
INSERT INTO "seat" VALUES(660,5,'D',15);
INSERT INTO "seat" VALUES(661,5,'E',1);
INSERT INTO "seat" VALUES(662,5,'E',2);
INSERT INTO "seat" VALUES(663,5,'E',3);
INSERT INTO "seat" VALUES(664,5,'E',4);
INSERT INTO "seat" VALUES(665,5,'E',5);
INSERT INTO "seat" VALUES(666,5,'E',6);
INSERT INTO "seat" VALUES(667,5,'E',7);
INSERT INTO "seat" VALUES(668,5,'E',8);
INSERT INTO "seat" VALUES(669,5,'E',9);
INSERT INTO "seat" VALUES(670,5,'E',10);
INSERT INTO "seat" VALUES(671,5,'E',11);
INSERT INTO "seat" VALUES(672,5,'E',12);
INSERT INTO "seat" VALUES(673,5,'E',13);
INSERT INTO "seat" VALUES(674,5,'E',14);
INSERT INTO "seat" VALUES(675,5,'E',15);
INSERT INTO "seat" VALUES(676,5,'F',1);
INSERT INTO "seat" VALUES(677,5,'F',2);
INSERT INTO "seat" VALUES(678,5,'F',3);
INSERT INTO "seat" VALUES(679,5,'F',4);
INSERT INTO "seat" VALUES(680,5,'F',5);
INSERT INTO "seat" VALUES(681,5,'F',6);
INSERT INTO "seat" VALUES(682,5,'F',7);
INSERT INTO "seat" VALUES(683,5,'F',8);
INSERT INTO "seat" VALUES(684,5,'F',9);
INSERT INTO "seat" VALUES(685,5,'F',10);
INSERT INTO "seat" VALUES(686,5,'F',11);
INSERT INTO "seat" VALUES(687,5,'F',12);
INSERT INTO "seat" VALUES(688,5,'F',13);
INSERT INTO "seat" VALUES(689,5,'F',14);
INSERT INTO "seat" VALUES(690,5,'F',15);
INSERT INTO "seat" VALUES(691,5,'G',1);
INSERT INTO "seat" VALUES(692,5,'G',2);
INSERT INTO "seat" VALUES(693,5,'G',3);
INSERT INTO "seat" VALUES(694,5,'G',4);
INSERT INTO "seat" VALUES(695,5,'G',5);
INSERT INTO "seat" VALUES(696,5,'G',6);
INSERT INTO "seat" VALUES(697,5,'G',7);
INSERT INTO "seat" VALUES(698,5,'G',8);
INSERT INTO "seat" VALUES(699,5,'G',9);
INSERT INTO "seat" VALUES(700,5,'G',10);
INSERT INTO "seat" VALUES(701,5,'G',11);
INSERT INTO "seat" VALUES(702,5,'G',12);
INSERT INTO "seat" VALUES(703,5,'G',13);
INSERT INTO "seat" VALUES(704,5,'G',14);
INSERT INTO "seat" VALUES(705,5,'G',15);
INSERT INTO "seat" VALUES(706,5,'H',1);
INSERT INTO "seat" VALUES(707,5,'H',2);
INSERT INTO "seat" VALUES(708,5,'H',3);
INSERT INTO "seat" VALUES(709,5,'H',4);
INSERT INTO "seat" VALUES(710,5,'H',5);
INSERT INTO "seat" VALUES(711,5,'H',6);
INSERT INTO "seat" VALUES(712,5,'H',7);
INSERT INTO "seat" VALUES(713,5,'H',8);
INSERT INTO "seat" VALUES(714,5,'H',9);
INSERT INTO "seat" VALUES(715,5,'H',10);
INSERT INTO "seat" VALUES(716,5,'H',11);
INSERT INTO "seat" VALUES(717,5,'H',12);
INSERT INTO "seat" VALUES(718,5,'H',13);
INSERT INTO "seat" VALUES(719,5,'H',14);
INSERT INTO "seat" VALUES(720,5,'H',15);
INSERT INTO "seat" VALUES(721,5,'I',1);
INSERT INTO "seat" VALUES(722,5,'I',2);
INSERT INTO "seat" VALUES(723,5,'I',3);
INSERT INTO "seat" VALUES(724,5,'I',4);
INSERT INTO "seat" VALUES(725,5,'I',5);
INSERT INTO "seat" VALUES(726,5,'I',6);
INSERT INTO "seat" VALUES(727,5,'I',7);
INSERT INTO "seat" VALUES(728,5,'I',8);
INSERT INTO "seat" VALUES(729,5,'I',9);
INSERT INTO "seat" VALUES(730,5,'I',10);
INSERT INTO "seat" VALUES(731,5,'I',11);
INSERT INTO "seat" VALUES(732,5,'I',12);
INSERT INTO "seat" VALUES(733,5,'I',13);
INSERT INTO "seat" VALUES(734,5,'I',14);
INSERT INTO "seat" VALUES(735,5,'I',15);
INSERT INTO "seat" VALUES(736,5,'J',1);
INSERT INTO "seat" VALUES(737,5,'J',2);
INSERT INTO "seat" VALUES(738,5,'J',3);
INSERT INTO "seat" VALUES(739,5,'J',4);
INSERT INTO "seat" VALUES(740,5,'J',5);
INSERT INTO "seat" VALUES(741,5,'J',6);
INSERT INTO "seat" VALUES(742,5,'J',7);
INSERT INTO "seat" VALUES(743,5,'J',8);
INSERT INTO "seat" VALUES(744,5,'J',9);
INSERT INTO "seat" VALUES(745,5,'J',10);
INSERT INTO "seat" VALUES(746,5,'J',11);
INSERT INTO "seat" VALUES(747,5,'J',12);
INSERT INTO "seat" VALUES(748,5,'J',13);
INSERT INTO "seat" VALUES(749,5,'J',14);
INSERT INTO "seat" VALUES(750,5,'J',15);
INSERT INTO "seat" VALUES(751,6,'A',1);
INSERT INTO "seat" VALUES(752,6,'A',2);
INSERT INTO "seat" VALUES(753,6,'A',3);
INSERT INTO "seat" VALUES(754,6,'A',4);
INSERT INTO "seat" VALUES(755,6,'A',5);
INSERT INTO "seat" VALUES(756,6,'A',6);
INSERT INTO "seat" VALUES(757,6,'A',7);
INSERT INTO "seat" VALUES(758,6,'A',8);
INSERT INTO "seat" VALUES(759,6,'A',9);
INSERT INTO "seat" VALUES(760,6,'A',10);
INSERT INTO "seat" VALUES(761,6,'A',11);
INSERT INTO "seat" VALUES(762,6,'A',12);
INSERT INTO "seat" VALUES(763,6,'A',13);
INSERT INTO "seat" VALUES(764,6,'A',14);
INSERT INTO "seat" VALUES(765,6,'A',15);
INSERT INTO "seat" VALUES(766,6,'B',1);
INSERT INTO "seat" VALUES(767,6,'B',2);
INSERT INTO "seat" VALUES(768,6,'B',3);
INSERT INTO "seat" VALUES(769,6,'B',4);
INSERT INTO "seat" VALUES(770,6,'B',5);
INSERT INTO "seat" VALUES(771,6,'B',6);
INSERT INTO "seat" VALUES(772,6,'B',7);
INSERT INTO "seat" VALUES(773,6,'B',8);
INSERT INTO "seat" VALUES(774,6,'B',9);
INSERT INTO "seat" VALUES(775,6,'B',10);
INSERT INTO "seat" VALUES(776,6,'B',11);
INSERT INTO "seat" VALUES(777,6,'B',12);
INSERT INTO "seat" VALUES(778,6,'B',13);
INSERT INTO "seat" VALUES(779,6,'B',14);
INSERT INTO "seat" VALUES(780,6,'B',15);
INSERT INTO "seat" VALUES(781,6,'C',1);
INSERT INTO "seat" VALUES(782,6,'C',2);
INSERT INTO "seat" VALUES(783,6,'C',3);
INSERT INTO "seat" VALUES(784,6,'C',4);
INSERT INTO "seat" VALUES(785,6,'C',5);
INSERT INTO "seat" VALUES(786,6,'C',6);
INSERT INTO "seat" VALUES(787,6,'C',7);
INSERT INTO "seat" VALUES(788,6,'C',8);
INSERT INTO "seat" VALUES(789,6,'C',9);
INSERT INTO "seat" VALUES(790,6,'C',10);
INSERT INTO "seat" VALUES(791,6,'C',11);
INSERT INTO "seat" VALUES(792,6,'C',12);
INSERT INTO "seat" VALUES(793,6,'C',13);
INSERT INTO "seat" VALUES(794,6,'C',14);
INSERT INTO "seat" VALUES(795,6,'C',15);
INSERT INTO "seat" VALUES(796,6,'D',1);
INSERT INTO "seat" VALUES(797,6,'D',2);
INSERT INTO "seat" VALUES(798,6,'D',3);
INSERT INTO "seat" VALUES(799,6,'D',4);
INSERT INTO "seat" VALUES(800,6,'D',5);
INSERT INTO "seat" VALUES(801,6,'D',6);
INSERT INTO "seat" VALUES(802,6,'D',7);
INSERT INTO "seat" VALUES(803,6,'D',8);
INSERT INTO "seat" VALUES(804,6,'D',9);
INSERT INTO "seat" VALUES(805,6,'D',10);
INSERT INTO "seat" VALUES(806,6,'D',11);
INSERT INTO "seat" VALUES(807,6,'D',12);
INSERT INTO "seat" VALUES(808,6,'D',13);
INSERT INTO "seat" VALUES(809,6,'D',14);
INSERT INTO "seat" VALUES(810,6,'D',15);
INSERT INTO "seat" VALUES(811,6,'E',1);
INSERT INTO "seat" VALUES(812,6,'E',2);
INSERT INTO "seat" VALUES(813,6,'E',3);
INSERT INTO "seat" VALUES(814,6,'E',4);
INSERT INTO "seat" VALUES(815,6,'E',5);
INSERT INTO "seat" VALUES(816,6,'E',6);
INSERT INTO "seat" VALUES(817,6,'E',7);
INSERT INTO "seat" VALUES(818,6,'E',8);
INSERT INTO "seat" VALUES(819,6,'E',9);
INSERT INTO "seat" VALUES(820,6,'E',10);
INSERT INTO "seat" VALUES(821,6,'E',11);
INSERT INTO "seat" VALUES(822,6,'E',12);
INSERT INTO "seat" VALUES(823,6,'E',13);
INSERT INTO "seat" VALUES(824,6,'E',14);
INSERT INTO "seat" VALUES(825,6,'E',15);
INSERT INTO "seat" VALUES(826,6,'F',1);
INSERT INTO "seat" VALUES(827,6,'F',2);
INSERT INTO "seat" VALUES(828,6,'F',3);
INSERT INTO "seat" VALUES(829,6,'F',4);
INSERT INTO "seat" VALUES(830,6,'F',5);
INSERT INTO "seat" VALUES(831,6,'F',6);
INSERT INTO "seat" VALUES(832,6,'F',7);
INSERT INTO "seat" VALUES(833,6,'F',8);
INSERT INTO "seat" VALUES(834,6,'F',9);
INSERT INTO "seat" VALUES(835,6,'F',10);
INSERT INTO "seat" VALUES(836,6,'F',11);
INSERT INTO "seat" VALUES(837,6,'F',12);
INSERT INTO "seat" VALUES(838,6,'F',13);
INSERT INTO "seat" VALUES(839,6,'F',14);
INSERT INTO "seat" VALUES(840,6,'F',15);
INSERT INTO "seat" VALUES(841,6,'G',1);
INSERT INTO "seat" VALUES(842,6,'G',2);
INSERT INTO "seat" VALUES(843,6,'G',3);
INSERT INTO "seat" VALUES(844,6,'G',4);
INSERT INTO "seat" VALUES(845,6,'G',5);
INSERT INTO "seat" VALUES(846,6,'G',6);
INSERT INTO "seat" VALUES(847,6,'G',7);
INSERT INTO "seat" VALUES(848,6,'G',8);
INSERT INTO "seat" VALUES(849,6,'G',9);
INSERT INTO "seat" VALUES(850,6,'G',10);
INSERT INTO "seat" VALUES(851,6,'G',11);
INSERT INTO "seat" VALUES(852,6,'G',12);
INSERT INTO "seat" VALUES(853,6,'G',13);
INSERT INTO "seat" VALUES(854,6,'G',14);
INSERT INTO "seat" VALUES(855,6,'G',15);
INSERT INTO "seat" VALUES(856,6,'H',1);
INSERT INTO "seat" VALUES(857,6,'H',2);
INSERT INTO "seat" VALUES(858,6,'H',3);
INSERT INTO "seat" VALUES(859,6,'H',4);
INSERT INTO "seat" VALUES(860,6,'H',5);
INSERT INTO "seat" VALUES(861,6,'H',6);
INSERT INTO "seat" VALUES(862,6,'H',7);
INSERT INTO "seat" VALUES(863,6,'H',8);
INSERT INTO "seat" VALUES(864,6,'H',9);
INSERT INTO "seat" VALUES(865,6,'H',10);
INSERT INTO "seat" VALUES(866,6,'H',11);
INSERT INTO "seat" VALUES(867,6,'H',12);
INSERT INTO "seat" VALUES(868,6,'H',13);
INSERT INTO "seat" VALUES(869,6,'H',14);
INSERT INTO "seat" VALUES(870,6,'H',15);
INSERT INTO "seat" VALUES(871,6,'I',1);
INSERT INTO "seat" VALUES(872,6,'I',2);
INSERT INTO "seat" VALUES(873,6,'I',3);
INSERT INTO "seat" VALUES(874,6,'I',4);
INSERT INTO "seat" VALUES(875,6,'I',5);
INSERT INTO "seat" VALUES(876,6,'I',6);
INSERT INTO "seat" VALUES(877,6,'I',7);
INSERT INTO "seat" VALUES(878,6,'I',8);
INSERT INTO "seat" VALUES(879,6,'I',9);
INSERT INTO "seat" VALUES(880,6,'I',10);
INSERT INTO "seat" VALUES(881,6,'I',11);
INSERT INTO "seat" VALUES(882,6,'I',12);
INSERT INTO "seat" VALUES(883,6,'I',13);
INSERT INTO "seat" VALUES(884,6,'I',14);
INSERT INTO "seat" VALUES(885,6,'I',15);
INSERT INTO "seat" VALUES(886,6,'J',1);
INSERT INTO "seat" VALUES(887,6,'J',2);
INSERT INTO "seat" VALUES(888,6,'J',3);
INSERT INTO "seat" VALUES(889,6,'J',4);
INSERT INTO "seat" VALUES(890,6,'J',5);
INSERT INTO "seat" VALUES(891,6,'J',6);
INSERT INTO "seat" VALUES(892,6,'J',7);
INSERT INTO "seat" VALUES(893,6,'J',8);
INSERT INTO "seat" VALUES(894,6,'J',9);
INSERT INTO "seat" VALUES(895,6,'J',10);
INSERT INTO "seat" VALUES(896,6,'J',11);
INSERT INTO "seat" VALUES(897,6,'J',12);
INSERT INTO "seat" VALUES(898,6,'J',13);
INSERT INTO "seat" VALUES(899,6,'J',14);
INSERT INTO "seat" VALUES(900,6,'J',15);
INSERT INTO "seat" VALUES(901,7,'A',1);
INSERT INTO "seat" VALUES(902,7,'A',2);
INSERT INTO "seat" VALUES(903,7,'A',3);
INSERT INTO "seat" VALUES(904,7,'A',4);
INSERT INTO "seat" VALUES(905,7,'A',5);
INSERT INTO "seat" VALUES(906,7,'A',6);
INSERT INTO "seat" VALUES(907,7,'A',7);
INSERT INTO "seat" VALUES(908,7,'A',8);
INSERT INTO "seat" VALUES(909,7,'A',9);
INSERT INTO "seat" VALUES(910,7,'A',10);
INSERT INTO "seat" VALUES(911,7,'A',11);
INSERT INTO "seat" VALUES(912,7,'A',12);
INSERT INTO "seat" VALUES(913,7,'A',13);
INSERT INTO "seat" VALUES(914,7,'A',14);
INSERT INTO "seat" VALUES(915,7,'A',15);
INSERT INTO "seat" VALUES(916,7,'B',1);
INSERT INTO "seat" VALUES(917,7,'B',2);
INSERT INTO "seat" VALUES(918,7,'B',3);
INSERT INTO "seat" VALUES(919,7,'B',4);
INSERT INTO "seat" VALUES(920,7,'B',5);
INSERT INTO "seat" VALUES(921,7,'B',6);
INSERT INTO "seat" VALUES(922,7,'B',7);
INSERT INTO "seat" VALUES(923,7,'B',8);
INSERT INTO "seat" VALUES(924,7,'B',9);
INSERT INTO "seat" VALUES(925,7,'B',10);
INSERT INTO "seat" VALUES(926,7,'B',11);
INSERT INTO "seat" VALUES(927,7,'B',12);
INSERT INTO "seat" VALUES(928,7,'B',13);
INSERT INTO "seat" VALUES(929,7,'B',14);
INSERT INTO "seat" VALUES(930,7,'B',15);
INSERT INTO "seat" VALUES(931,7,'C',1);
INSERT INTO "seat" VALUES(932,7,'C',2);
INSERT INTO "seat" VALUES(933,7,'C',3);
INSERT INTO "seat" VALUES(934,7,'C',4);
INSERT INTO "seat" VALUES(935,7,'C',5);
INSERT INTO "seat" VALUES(936,7,'C',6);
INSERT INTO "seat" VALUES(937,7,'C',7);
INSERT INTO "seat" VALUES(938,7,'C',8);
INSERT INTO "seat" VALUES(939,7,'C',9);
INSERT INTO "seat" VALUES(940,7,'C',10);
INSERT INTO "seat" VALUES(941,7,'C',11);
INSERT INTO "seat" VALUES(942,7,'C',12);
INSERT INTO "seat" VALUES(943,7,'C',13);
INSERT INTO "seat" VALUES(944,7,'C',14);
INSERT INTO "seat" VALUES(945,7,'C',15);
INSERT INTO "seat" VALUES(946,7,'D',1);
INSERT INTO "seat" VALUES(947,7,'D',2);
INSERT INTO "seat" VALUES(948,7,'D',3);
INSERT INTO "seat" VALUES(949,7,'D',4);
INSERT INTO "seat" VALUES(950,7,'D',5);
INSERT INTO "seat" VALUES(951,7,'D',6);
INSERT INTO "seat" VALUES(952,7,'D',7);
INSERT INTO "seat" VALUES(953,7,'D',8);
INSERT INTO "seat" VALUES(954,7,'D',9);
INSERT INTO "seat" VALUES(955,7,'D',10);
INSERT INTO "seat" VALUES(956,7,'D',11);
INSERT INTO "seat" VALUES(957,7,'D',12);
INSERT INTO "seat" VALUES(958,7,'D',13);
INSERT INTO "seat" VALUES(959,7,'D',14);
INSERT INTO "seat" VALUES(960,7,'D',15);
INSERT INTO "seat" VALUES(961,7,'E',1);
INSERT INTO "seat" VALUES(962,7,'E',2);
INSERT INTO "seat" VALUES(963,7,'E',3);
INSERT INTO "seat" VALUES(964,7,'E',4);
INSERT INTO "seat" VALUES(965,7,'E',5);
INSERT INTO "seat" VALUES(966,7,'E',6);
INSERT INTO "seat" VALUES(967,7,'E',7);
INSERT INTO "seat" VALUES(968,7,'E',8);
INSERT INTO "seat" VALUES(969,7,'E',9);
INSERT INTO "seat" VALUES(970,7,'E',10);
INSERT INTO "seat" VALUES(971,7,'E',11);
INSERT INTO "seat" VALUES(972,7,'E',12);
INSERT INTO "seat" VALUES(973,7,'E',13);
INSERT INTO "seat" VALUES(974,7,'E',14);
INSERT INTO "seat" VALUES(975,7,'E',15);
INSERT INTO "seat" VALUES(976,7,'F',1);
INSERT INTO "seat" VALUES(977,7,'F',2);
INSERT INTO "seat" VALUES(978,7,'F',3);
INSERT INTO "seat" VALUES(979,7,'F',4);
INSERT INTO "seat" VALUES(980,7,'F',5);
INSERT INTO "seat" VALUES(981,7,'F',6);
INSERT INTO "seat" VALUES(982,7,'F',7);
INSERT INTO "seat" VALUES(983,7,'F',8);
INSERT INTO "seat" VALUES(984,7,'F',9);
INSERT INTO "seat" VALUES(985,7,'F',10);
INSERT INTO "seat" VALUES(986,7,'F',11);
INSERT INTO "seat" VALUES(987,7,'F',12);
INSERT INTO "seat" VALUES(988,7,'F',13);
INSERT INTO "seat" VALUES(989,7,'F',14);
INSERT INTO "seat" VALUES(990,7,'F',15);
INSERT INTO "seat" VALUES(991,7,'G',1);
INSERT INTO "seat" VALUES(992,7,'G',2);
INSERT INTO "seat" VALUES(993,7,'G',3);
INSERT INTO "seat" VALUES(994,7,'G',4);
INSERT INTO "seat" VALUES(995,7,'G',5);
INSERT INTO "seat" VALUES(996,7,'G',6);
INSERT INTO "seat" VALUES(997,7,'G',7);
INSERT INTO "seat" VALUES(998,7,'G',8);
INSERT INTO "seat" VALUES(999,7,'G',9);
INSERT INTO "seat" VALUES(1000,7,'G',10);
INSERT INTO "seat" VALUES(1001,7,'G',11);
INSERT INTO "seat" VALUES(1002,7,'G',12);
INSERT INTO "seat" VALUES(1003,7,'G',13);
INSERT INTO "seat" VALUES(1004,7,'G',14);
INSERT INTO "seat" VALUES(1005,7,'G',15);
INSERT INTO "seat" VALUES(1006,7,'H',1);
INSERT INTO "seat" VALUES(1007,7,'H',2);
INSERT INTO "seat" VALUES(1008,7,'H',3);
INSERT INTO "seat" VALUES(1009,7,'H',4);
INSERT INTO "seat" VALUES(1010,7,'H',5);
INSERT INTO "seat" VALUES(1011,7,'H',6);
INSERT INTO "seat" VALUES(1012,7,'H',7);
INSERT INTO "seat" VALUES(1013,7,'H',8);
INSERT INTO "seat" VALUES(1014,7,'H',9);
INSERT INTO "seat" VALUES(1015,7,'H',10);
INSERT INTO "seat" VALUES(1016,7,'H',11);
INSERT INTO "seat" VALUES(1017,7,'H',12);
INSERT INTO "seat" VALUES(1018,7,'H',13);
INSERT INTO "seat" VALUES(1019,7,'H',14);
INSERT INTO "seat" VALUES(1020,7,'H',15);
INSERT INTO "seat" VALUES(1021,7,'I',1);
INSERT INTO "seat" VALUES(1022,7,'I',2);
INSERT INTO "seat" VALUES(1023,7,'I',3);
INSERT INTO "seat" VALUES(1024,7,'I',4);
INSERT INTO "seat" VALUES(1025,7,'I',5);
INSERT INTO "seat" VALUES(1026,7,'I',6);
INSERT INTO "seat" VALUES(1027,7,'I',7);
INSERT INTO "seat" VALUES(1028,7,'I',8);
INSERT INTO "seat" VALUES(1029,7,'I',9);
INSERT INTO "seat" VALUES(1030,7,'I',10);
INSERT INTO "seat" VALUES(1031,7,'I',11);
INSERT INTO "seat" VALUES(1032,7,'I',12);
INSERT INTO "seat" VALUES(1033,7,'I',13);
INSERT INTO "seat" VALUES(1034,7,'I',14);
INSERT INTO "seat" VALUES(1035,7,'I',15);
INSERT INTO "seat" VALUES(1036,7,'J',1);
INSERT INTO "seat" VALUES(1037,7,'J',2);
INSERT INTO "seat" VALUES(1038,7,'J',3);
INSERT INTO "seat" VALUES(1039,7,'J',4);
INSERT INTO "seat" VALUES(1040,7,'J',5);
INSERT INTO "seat" VALUES(1041,7,'J',6);
INSERT INTO "seat" VALUES(1042,7,'J',7);
INSERT INTO "seat" VALUES(1043,7,'J',8);
INSERT INTO "seat" VALUES(1044,7,'J',9);
INSERT INTO "seat" VALUES(1045,7,'J',10);
INSERT INTO "seat" VALUES(1046,7,'J',11);
INSERT INTO "seat" VALUES(1047,7,'J',12);
INSERT INTO "seat" VALUES(1048,7,'J',13);
INSERT INTO "seat" VALUES(1049,7,'J',14);
INSERT INTO "seat" VALUES(1050,7,'J',15);
INSERT INTO "seat" VALUES(1051,8,'A',1);
INSERT INTO "seat" VALUES(1052,8,'A',2);
INSERT INTO "seat" VALUES(1053,8,'A',3);
INSERT INTO "seat" VALUES(1054,8,'A',4);
INSERT INTO "seat" VALUES(1055,8,'A',5);
INSERT INTO "seat" VALUES(1056,8,'A',6);
INSERT INTO "seat" VALUES(1057,8,'A',7);
INSERT INTO "seat" VALUES(1058,8,'A',8);
INSERT INTO "seat" VALUES(1059,8,'A',9);
INSERT INTO "seat" VALUES(1060,8,'A',10);
INSERT INTO "seat" VALUES(1061,8,'A',11);
INSERT INTO "seat" VALUES(1062,8,'A',12);
INSERT INTO "seat" VALUES(1063,8,'A',13);
INSERT INTO "seat" VALUES(1064,8,'A',14);
INSERT INTO "seat" VALUES(1065,8,'A',15);
INSERT INTO "seat" VALUES(1066,8,'B',1);
INSERT INTO "seat" VALUES(1067,8,'B',2);
INSERT INTO "seat" VALUES(1068,8,'B',3);
INSERT INTO "seat" VALUES(1069,8,'B',4);
INSERT INTO "seat" VALUES(1070,8,'B',5);
INSERT INTO "seat" VALUES(1071,8,'B',6);
INSERT INTO "seat" VALUES(1072,8,'B',7);
INSERT INTO "seat" VALUES(1073,8,'B',8);
INSERT INTO "seat" VALUES(1074,8,'B',9);
INSERT INTO "seat" VALUES(1075,8,'B',10);
INSERT INTO "seat" VALUES(1076,8,'B',11);
INSERT INTO "seat" VALUES(1077,8,'B',12);
INSERT INTO "seat" VALUES(1078,8,'B',13);
INSERT INTO "seat" VALUES(1079,8,'B',14);
INSERT INTO "seat" VALUES(1080,8,'B',15);
INSERT INTO "seat" VALUES(1081,8,'C',1);
INSERT INTO "seat" VALUES(1082,8,'C',2);
INSERT INTO "seat" VALUES(1083,8,'C',3);
INSERT INTO "seat" VALUES(1084,8,'C',4);
INSERT INTO "seat" VALUES(1085,8,'C',5);
INSERT INTO "seat" VALUES(1086,8,'C',6);
INSERT INTO "seat" VALUES(1087,8,'C',7);
INSERT INTO "seat" VALUES(1088,8,'C',8);
INSERT INTO "seat" VALUES(1089,8,'C',9);
INSERT INTO "seat" VALUES(1090,8,'C',10);
INSERT INTO "seat" VALUES(1091,8,'C',11);
INSERT INTO "seat" VALUES(1092,8,'C',12);
INSERT INTO "seat" VALUES(1093,8,'C',13);
INSERT INTO "seat" VALUES(1094,8,'C',14);
INSERT INTO "seat" VALUES(1095,8,'C',15);
INSERT INTO "seat" VALUES(1096,8,'D',1);
INSERT INTO "seat" VALUES(1097,8,'D',2);
INSERT INTO "seat" VALUES(1098,8,'D',3);
INSERT INTO "seat" VALUES(1099,8,'D',4);
INSERT INTO "seat" VALUES(1100,8,'D',5);
INSERT INTO "seat" VALUES(1101,8,'D',6);
INSERT INTO "seat" VALUES(1102,8,'D',7);
INSERT INTO "seat" VALUES(1103,8,'D',8);
INSERT INTO "seat" VALUES(1104,8,'D',9);
INSERT INTO "seat" VALUES(1105,8,'D',10);
INSERT INTO "seat" VALUES(1106,8,'D',11);
INSERT INTO "seat" VALUES(1107,8,'D',12);
INSERT INTO "seat" VALUES(1108,8,'D',13);
INSERT INTO "seat" VALUES(1109,8,'D',14);
INSERT INTO "seat" VALUES(1110,8,'D',15);
INSERT INTO "seat" VALUES(1111,8,'E',1);
INSERT INTO "seat" VALUES(1112,8,'E',2);
INSERT INTO "seat" VALUES(1113,8,'E',3);
INSERT INTO "seat" VALUES(1114,8,'E',4);
INSERT INTO "seat" VALUES(1115,8,'E',5);
INSERT INTO "seat" VALUES(1116,8,'E',6);
INSERT INTO "seat" VALUES(1117,8,'E',7);
INSERT INTO "seat" VALUES(1118,8,'E',8);
INSERT INTO "seat" VALUES(1119,8,'E',9);
INSERT INTO "seat" VALUES(1120,8,'E',10);
INSERT INTO "seat" VALUES(1121,8,'E',11);
INSERT INTO "seat" VALUES(1122,8,'E',12);
INSERT INTO "seat" VALUES(1123,8,'E',13);
INSERT INTO "seat" VALUES(1124,8,'E',14);
INSERT INTO "seat" VALUES(1125,8,'E',15);
INSERT INTO "seat" VALUES(1126,8,'F',1);
INSERT INTO "seat" VALUES(1127,8,'F',2);
INSERT INTO "seat" VALUES(1128,8,'F',3);
INSERT INTO "seat" VALUES(1129,8,'F',4);
INSERT INTO "seat" VALUES(1130,8,'F',5);
INSERT INTO "seat" VALUES(1131,8,'F',6);
INSERT INTO "seat" VALUES(1132,8,'F',7);
INSERT INTO "seat" VALUES(1133,8,'F',8);
INSERT INTO "seat" VALUES(1134,8,'F',9);
INSERT INTO "seat" VALUES(1135,8,'F',10);
INSERT INTO "seat" VALUES(1136,8,'F',11);
INSERT INTO "seat" VALUES(1137,8,'F',12);
INSERT INTO "seat" VALUES(1138,8,'F',13);
INSERT INTO "seat" VALUES(1139,8,'F',14);
INSERT INTO "seat" VALUES(1140,8,'F',15);
INSERT INTO "seat" VALUES(1141,8,'G',1);
INSERT INTO "seat" VALUES(1142,8,'G',2);
INSERT INTO "seat" VALUES(1143,8,'G',3);
INSERT INTO "seat" VALUES(1144,8,'G',4);
INSERT INTO "seat" VALUES(1145,8,'G',5);
INSERT INTO "seat" VALUES(1146,8,'G',6);
INSERT INTO "seat" VALUES(1147,8,'G',7);
INSERT INTO "seat" VALUES(1148,8,'G',8);
INSERT INTO "seat" VALUES(1149,8,'G',9);
INSERT INTO "seat" VALUES(1150,8,'G',10);
INSERT INTO "seat" VALUES(1151,8,'G',11);
INSERT INTO "seat" VALUES(1152,8,'G',12);
INSERT INTO "seat" VALUES(1153,8,'G',13);
INSERT INTO "seat" VALUES(1154,8,'G',14);
INSERT INTO "seat" VALUES(1155,8,'G',15);
INSERT INTO "seat" VALUES(1156,8,'H',1);
INSERT INTO "seat" VALUES(1157,8,'H',2);
INSERT INTO "seat" VALUES(1158,8,'H',3);
INSERT INTO "seat" VALUES(1159,8,'H',4);
INSERT INTO "seat" VALUES(1160,8,'H',5);
INSERT INTO "seat" VALUES(1161,8,'H',6);
INSERT INTO "seat" VALUES(1162,8,'H',7);
INSERT INTO "seat" VALUES(1163,8,'H',8);
INSERT INTO "seat" VALUES(1164,8,'H',9);
INSERT INTO "seat" VALUES(1165,8,'H',10);
INSERT INTO "seat" VALUES(1166,8,'H',11);
INSERT INTO "seat" VALUES(1167,8,'H',12);
INSERT INTO "seat" VALUES(1168,8,'H',13);
INSERT INTO "seat" VALUES(1169,8,'H',14);
INSERT INTO "seat" VALUES(1170,8,'H',15);
INSERT INTO "seat" VALUES(1171,8,'I',1);
INSERT INTO "seat" VALUES(1172,8,'I',2);
INSERT INTO "seat" VALUES(1173,8,'I',3);
INSERT INTO "seat" VALUES(1174,8,'I',4);
INSERT INTO "seat" VALUES(1175,8,'I',5);
INSERT INTO "seat" VALUES(1176,8,'I',6);
INSERT INTO "seat" VALUES(1177,8,'I',7);
INSERT INTO "seat" VALUES(1178,8,'I',8);
INSERT INTO "seat" VALUES(1179,8,'I',9);
INSERT INTO "seat" VALUES(1180,8,'I',10);
INSERT INTO "seat" VALUES(1181,8,'I',11);
INSERT INTO "seat" VALUES(1182,8,'I',12);
INSERT INTO "seat" VALUES(1183,8,'I',13);
INSERT INTO "seat" VALUES(1184,8,'I',14);
INSERT INTO "seat" VALUES(1185,8,'I',15);
INSERT INTO "seat" VALUES(1186,8,'J',1);
INSERT INTO "seat" VALUES(1187,8,'J',2);
INSERT INTO "seat" VALUES(1188,8,'J',3);
INSERT INTO "seat" VALUES(1189,8,'J',4);
INSERT INTO "seat" VALUES(1190,8,'J',5);
INSERT INTO "seat" VALUES(1191,8,'J',6);
INSERT INTO "seat" VALUES(1192,8,'J',7);
INSERT INTO "seat" VALUES(1193,8,'J',8);
INSERT INTO "seat" VALUES(1194,8,'J',9);
INSERT INTO "seat" VALUES(1195,8,'J',10);
INSERT INTO "seat" VALUES(1196,8,'J',11);
INSERT INTO "seat" VALUES(1197,8,'J',12);
INSERT INTO "seat" VALUES(1198,8,'J',13);
INSERT INTO "seat" VALUES(1199,8,'J',14);
INSERT INTO "seat" VALUES(1200,8,'J',15);
INSERT INTO "seat" VALUES(1201,9,'A',1);
INSERT INTO "seat" VALUES(1202,9,'A',2);
INSERT INTO "seat" VALUES(1203,9,'A',3);
INSERT INTO "seat" VALUES(1204,9,'A',4);
INSERT INTO "seat" VALUES(1205,9,'A',5);
INSERT INTO "seat" VALUES(1206,9,'A',6);
INSERT INTO "seat" VALUES(1207,9,'A',7);
INSERT INTO "seat" VALUES(1208,9,'A',8);
INSERT INTO "seat" VALUES(1209,9,'A',9);
INSERT INTO "seat" VALUES(1210,9,'A',10);
INSERT INTO "seat" VALUES(1211,9,'A',11);
INSERT INTO "seat" VALUES(1212,9,'A',12);
INSERT INTO "seat" VALUES(1213,9,'A',13);
INSERT INTO "seat" VALUES(1214,9,'A',14);
INSERT INTO "seat" VALUES(1215,9,'A',15);
INSERT INTO "seat" VALUES(1216,9,'B',1);
INSERT INTO "seat" VALUES(1217,9,'B',2);
INSERT INTO "seat" VALUES(1218,9,'B',3);
INSERT INTO "seat" VALUES(1219,9,'B',4);
INSERT INTO "seat" VALUES(1220,9,'B',5);
INSERT INTO "seat" VALUES(1221,9,'B',6);
INSERT INTO "seat" VALUES(1222,9,'B',7);
INSERT INTO "seat" VALUES(1223,9,'B',8);
INSERT INTO "seat" VALUES(1224,9,'B',9);
INSERT INTO "seat" VALUES(1225,9,'B',10);
INSERT INTO "seat" VALUES(1226,9,'B',11);
INSERT INTO "seat" VALUES(1227,9,'B',12);
INSERT INTO "seat" VALUES(1228,9,'B',13);
INSERT INTO "seat" VALUES(1229,9,'B',14);
INSERT INTO "seat" VALUES(1230,9,'B',15);
INSERT INTO "seat" VALUES(1231,9,'C',1);
INSERT INTO "seat" VALUES(1232,9,'C',2);
INSERT INTO "seat" VALUES(1233,9,'C',3);
INSERT INTO "seat" VALUES(1234,9,'C',4);
INSERT INTO "seat" VALUES(1235,9,'C',5);
INSERT INTO "seat" VALUES(1236,9,'C',6);
INSERT INTO "seat" VALUES(1237,9,'C',7);
INSERT INTO "seat" VALUES(1238,9,'C',8);
INSERT INTO "seat" VALUES(1239,9,'C',9);
INSERT INTO "seat" VALUES(1240,9,'C',10);
INSERT INTO "seat" VALUES(1241,9,'C',11);
INSERT INTO "seat" VALUES(1242,9,'C',12);
INSERT INTO "seat" VALUES(1243,9,'C',13);
INSERT INTO "seat" VALUES(1244,9,'C',14);
INSERT INTO "seat" VALUES(1245,9,'C',15);
INSERT INTO "seat" VALUES(1246,9,'D',1);
INSERT INTO "seat" VALUES(1247,9,'D',2);
INSERT INTO "seat" VALUES(1248,9,'D',3);
INSERT INTO "seat" VALUES(1249,9,'D',4);
INSERT INTO "seat" VALUES(1250,9,'D',5);
INSERT INTO "seat" VALUES(1251,9,'D',6);
INSERT INTO "seat" VALUES(1252,9,'D',7);
INSERT INTO "seat" VALUES(1253,9,'D',8);
INSERT INTO "seat" VALUES(1254,9,'D',9);
INSERT INTO "seat" VALUES(1255,9,'D',10);
INSERT INTO "seat" VALUES(1256,9,'D',11);
INSERT INTO "seat" VALUES(1257,9,'D',12);
INSERT INTO "seat" VALUES(1258,9,'D',13);
INSERT INTO "seat" VALUES(1259,9,'D',14);
INSERT INTO "seat" VALUES(1260,9,'D',15);
INSERT INTO "seat" VALUES(1261,9,'E',1);
INSERT INTO "seat" VALUES(1262,9,'E',2);
INSERT INTO "seat" VALUES(1263,9,'E',3);
INSERT INTO "seat" VALUES(1264,9,'E',4);
INSERT INTO "seat" VALUES(1265,9,'E',5);
INSERT INTO "seat" VALUES(1266,9,'E',6);
INSERT INTO "seat" VALUES(1267,9,'E',7);
INSERT INTO "seat" VALUES(1268,9,'E',8);
INSERT INTO "seat" VALUES(1269,9,'E',9);
INSERT INTO "seat" VALUES(1270,9,'E',10);
INSERT INTO "seat" VALUES(1271,9,'E',11);
INSERT INTO "seat" VALUES(1272,9,'E',12);
INSERT INTO "seat" VALUES(1273,9,'E',13);
INSERT INTO "seat" VALUES(1274,9,'E',14);
INSERT INTO "seat" VALUES(1275,9,'E',15);
INSERT INTO "seat" VALUES(1276,9,'F',1);
INSERT INTO "seat" VALUES(1277,9,'F',2);
INSERT INTO "seat" VALUES(1278,9,'F',3);
INSERT INTO "seat" VALUES(1279,9,'F',4);
INSERT INTO "seat" VALUES(1280,9,'F',5);
INSERT INTO "seat" VALUES(1281,9,'F',6);
INSERT INTO "seat" VALUES(1282,9,'F',7);
INSERT INTO "seat" VALUES(1283,9,'F',8);
INSERT INTO "seat" VALUES(1284,9,'F',9);
INSERT INTO "seat" VALUES(1285,9,'F',10);
INSERT INTO "seat" VALUES(1286,9,'F',11);
INSERT INTO "seat" VALUES(1287,9,'F',12);
INSERT INTO "seat" VALUES(1288,9,'F',13);
INSERT INTO "seat" VALUES(1289,9,'F',14);
INSERT INTO "seat" VALUES(1290,9,'F',15);
INSERT INTO "seat" VALUES(1291,9,'G',1);
INSERT INTO "seat" VALUES(1292,9,'G',2);
INSERT INTO "seat" VALUES(1293,9,'G',3);
INSERT INTO "seat" VALUES(1294,9,'G',4);
INSERT INTO "seat" VALUES(1295,9,'G',5);
INSERT INTO "seat" VALUES(1296,9,'G',6);
INSERT INTO "seat" VALUES(1297,9,'G',7);
INSERT INTO "seat" VALUES(1298,9,'G',8);
INSERT INTO "seat" VALUES(1299,9,'G',9);
INSERT INTO "seat" VALUES(1300,9,'G',10);
INSERT INTO "seat" VALUES(1301,9,'G',11);
INSERT INTO "seat" VALUES(1302,9,'G',12);
INSERT INTO "seat" VALUES(1303,9,'G',13);
INSERT INTO "seat" VALUES(1304,9,'G',14);
INSERT INTO "seat" VALUES(1305,9,'G',15);
INSERT INTO "seat" VALUES(1306,9,'H',1);
INSERT INTO "seat" VALUES(1307,9,'H',2);
INSERT INTO "seat" VALUES(1308,9,'H',3);
INSERT INTO "seat" VALUES(1309,9,'H',4);
INSERT INTO "seat" VALUES(1310,9,'H',5);
INSERT INTO "seat" VALUES(1311,9,'H',6);
INSERT INTO "seat" VALUES(1312,9,'H',7);
INSERT INTO "seat" VALUES(1313,9,'H',8);
INSERT INTO "seat" VALUES(1314,9,'H',9);
INSERT INTO "seat" VALUES(1315,9,'H',10);
INSERT INTO "seat" VALUES(1316,9,'H',11);
INSERT INTO "seat" VALUES(1317,9,'H',12);
INSERT INTO "seat" VALUES(1318,9,'H',13);
INSERT INTO "seat" VALUES(1319,9,'H',14);
INSERT INTO "seat" VALUES(1320,9,'H',15);
INSERT INTO "seat" VALUES(1321,9,'I',1);
INSERT INTO "seat" VALUES(1322,9,'I',2);
INSERT INTO "seat" VALUES(1323,9,'I',3);
INSERT INTO "seat" VALUES(1324,9,'I',4);
INSERT INTO "seat" VALUES(1325,9,'I',5);
INSERT INTO "seat" VALUES(1326,9,'I',6);
INSERT INTO "seat" VALUES(1327,9,'I',7);
INSERT INTO "seat" VALUES(1328,9,'I',8);
INSERT INTO "seat" VALUES(1329,9,'I',9);
INSERT INTO "seat" VALUES(1330,9,'I',10);
INSERT INTO "seat" VALUES(1331,9,'I',11);
INSERT INTO "seat" VALUES(1332,9,'I',12);
INSERT INTO "seat" VALUES(1333,9,'I',13);
INSERT INTO "seat" VALUES(1334,9,'I',14);
INSERT INTO "seat" VALUES(1335,9,'I',15);
INSERT INTO "seat" VALUES(1336,9,'J',1);
INSERT INTO "seat" VALUES(1337,9,'J',2);
INSERT INTO "seat" VALUES(1338,9,'J',3);
INSERT INTO "seat" VALUES(1339,9,'J',4);
INSERT INTO "seat" VALUES(1340,9,'J',5);
INSERT INTO "seat" VALUES(1341,9,'J',6);
INSERT INTO "seat" VALUES(1342,9,'J',7);
INSERT INTO "seat" VALUES(1343,9,'J',8);
INSERT INTO "seat" VALUES(1344,9,'J',9);
INSERT INTO "seat" VALUES(1345,9,'J',10);
INSERT INTO "seat" VALUES(1346,9,'J',11);
INSERT INTO "seat" VALUES(1347,9,'J',12);
INSERT INTO "seat" VALUES(1348,9,'J',13);
INSERT INTO "seat" VALUES(1349,9,'J',14);
INSERT INTO "seat" VALUES(1350,9,'J',15);
INSERT INTO "seat" VALUES(1351,10,'A',1);
INSERT INTO "seat" VALUES(1352,10,'A',2);
INSERT INTO "seat" VALUES(1353,10,'A',3);
INSERT INTO "seat" VALUES(1354,10,'A',4);
INSERT INTO "seat" VALUES(1355,10,'A',5);
INSERT INTO "seat" VALUES(1356,10,'A',6);
INSERT INTO "seat" VALUES(1357,10,'A',7);
INSERT INTO "seat" VALUES(1358,10,'A',8);
INSERT INTO "seat" VALUES(1359,10,'A',9);
INSERT INTO "seat" VALUES(1360,10,'A',10);
INSERT INTO "seat" VALUES(1361,10,'A',11);
INSERT INTO "seat" VALUES(1362,10,'A',12);
INSERT INTO "seat" VALUES(1363,10,'A',13);
INSERT INTO "seat" VALUES(1364,10,'A',14);
INSERT INTO "seat" VALUES(1365,10,'A',15);
INSERT INTO "seat" VALUES(1366,10,'B',1);
INSERT INTO "seat" VALUES(1367,10,'B',2);
INSERT INTO "seat" VALUES(1368,10,'B',3);
INSERT INTO "seat" VALUES(1369,10,'B',4);
INSERT INTO "seat" VALUES(1370,10,'B',5);
INSERT INTO "seat" VALUES(1371,10,'B',6);
INSERT INTO "seat" VALUES(1372,10,'B',7);
INSERT INTO "seat" VALUES(1373,10,'B',8);
INSERT INTO "seat" VALUES(1374,10,'B',9);
INSERT INTO "seat" VALUES(1375,10,'B',10);
INSERT INTO "seat" VALUES(1376,10,'B',11);
INSERT INTO "seat" VALUES(1377,10,'B',12);
INSERT INTO "seat" VALUES(1378,10,'B',13);
INSERT INTO "seat" VALUES(1379,10,'B',14);
INSERT INTO "seat" VALUES(1380,10,'B',15);
INSERT INTO "seat" VALUES(1381,10,'C',1);
INSERT INTO "seat" VALUES(1382,10,'C',2);
INSERT INTO "seat" VALUES(1383,10,'C',3);
INSERT INTO "seat" VALUES(1384,10,'C',4);
INSERT INTO "seat" VALUES(1385,10,'C',5);
INSERT INTO "seat" VALUES(1386,10,'C',6);
INSERT INTO "seat" VALUES(1387,10,'C',7);
INSERT INTO "seat" VALUES(1388,10,'C',8);
INSERT INTO "seat" VALUES(1389,10,'C',9);
INSERT INTO "seat" VALUES(1390,10,'C',10);
INSERT INTO "seat" VALUES(1391,10,'C',11);
INSERT INTO "seat" VALUES(1392,10,'C',12);
INSERT INTO "seat" VALUES(1393,10,'C',13);
INSERT INTO "seat" VALUES(1394,10,'C',14);
INSERT INTO "seat" VALUES(1395,10,'C',15);
INSERT INTO "seat" VALUES(1396,10,'D',1);
INSERT INTO "seat" VALUES(1397,10,'D',2);
INSERT INTO "seat" VALUES(1398,10,'D',3);
INSERT INTO "seat" VALUES(1399,10,'D',4);
INSERT INTO "seat" VALUES(1400,10,'D',5);
INSERT INTO "seat" VALUES(1401,10,'D',6);
INSERT INTO "seat" VALUES(1402,10,'D',7);
INSERT INTO "seat" VALUES(1403,10,'D',8);
INSERT INTO "seat" VALUES(1404,10,'D',9);
INSERT INTO "seat" VALUES(1405,10,'D',10);
INSERT INTO "seat" VALUES(1406,10,'D',11);
INSERT INTO "seat" VALUES(1407,10,'D',12);
INSERT INTO "seat" VALUES(1408,10,'D',13);
INSERT INTO "seat" VALUES(1409,10,'D',14);
INSERT INTO "seat" VALUES(1410,10,'D',15);
INSERT INTO "seat" VALUES(1411,10,'E',1);
INSERT INTO "seat" VALUES(1412,10,'E',2);
INSERT INTO "seat" VALUES(1413,10,'E',3);
INSERT INTO "seat" VALUES(1414,10,'E',4);
INSERT INTO "seat" VALUES(1415,10,'E',5);
INSERT INTO "seat" VALUES(1416,10,'E',6);
INSERT INTO "seat" VALUES(1417,10,'E',7);
INSERT INTO "seat" VALUES(1418,10,'E',8);
INSERT INTO "seat" VALUES(1419,10,'E',9);
INSERT INTO "seat" VALUES(1420,10,'E',10);
INSERT INTO "seat" VALUES(1421,10,'E',11);
INSERT INTO "seat" VALUES(1422,10,'E',12);
INSERT INTO "seat" VALUES(1423,10,'E',13);
INSERT INTO "seat" VALUES(1424,10,'E',14);
INSERT INTO "seat" VALUES(1425,10,'E',15);
INSERT INTO "seat" VALUES(1426,10,'F',1);
INSERT INTO "seat" VALUES(1427,10,'F',2);
INSERT INTO "seat" VALUES(1428,10,'F',3);
INSERT INTO "seat" VALUES(1429,10,'F',4);
INSERT INTO "seat" VALUES(1430,10,'F',5);
INSERT INTO "seat" VALUES(1431,10,'F',6);
INSERT INTO "seat" VALUES(1432,10,'F',7);
INSERT INTO "seat" VALUES(1433,10,'F',8);
INSERT INTO "seat" VALUES(1434,10,'F',9);
INSERT INTO "seat" VALUES(1435,10,'F',10);
INSERT INTO "seat" VALUES(1436,10,'F',11);
INSERT INTO "seat" VALUES(1437,10,'F',12);
INSERT INTO "seat" VALUES(1438,10,'F',13);
INSERT INTO "seat" VALUES(1439,10,'F',14);
INSERT INTO "seat" VALUES(1440,10,'F',15);
INSERT INTO "seat" VALUES(1441,10,'G',1);
INSERT INTO "seat" VALUES(1442,10,'G',2);
INSERT INTO "seat" VALUES(1443,10,'G',3);
INSERT INTO "seat" VALUES(1444,10,'G',4);
INSERT INTO "seat" VALUES(1445,10,'G',5);
INSERT INTO "seat" VALUES(1446,10,'G',6);
INSERT INTO "seat" VALUES(1447,10,'G',7);
INSERT INTO "seat" VALUES(1448,10,'G',8);
INSERT INTO "seat" VALUES(1449,10,'G',9);
INSERT INTO "seat" VALUES(1450,10,'G',10);
INSERT INTO "seat" VALUES(1451,10,'G',11);
INSERT INTO "seat" VALUES(1452,10,'G',12);
INSERT INTO "seat" VALUES(1453,10,'G',13);
INSERT INTO "seat" VALUES(1454,10,'G',14);
INSERT INTO "seat" VALUES(1455,10,'G',15);
INSERT INTO "seat" VALUES(1456,10,'H',1);
INSERT INTO "seat" VALUES(1457,10,'H',2);
INSERT INTO "seat" VALUES(1458,10,'H',3);
INSERT INTO "seat" VALUES(1459,10,'H',4);
INSERT INTO "seat" VALUES(1460,10,'H',5);
INSERT INTO "seat" VALUES(1461,10,'H',6);
INSERT INTO "seat" VALUES(1462,10,'H',7);
INSERT INTO "seat" VALUES(1463,10,'H',8);
INSERT INTO "seat" VALUES(1464,10,'H',9);
INSERT INTO "seat" VALUES(1465,10,'H',10);
INSERT INTO "seat" VALUES(1466,10,'H',11);
INSERT INTO "seat" VALUES(1467,10,'H',12);
INSERT INTO "seat" VALUES(1468,10,'H',13);
INSERT INTO "seat" VALUES(1469,10,'H',14);
INSERT INTO "seat" VALUES(1470,10,'H',15);
INSERT INTO "seat" VALUES(1471,10,'I',1);
INSERT INTO "seat" VALUES(1472,10,'I',2);
INSERT INTO "seat" VALUES(1473,10,'I',3);
INSERT INTO "seat" VALUES(1474,10,'I',4);
INSERT INTO "seat" VALUES(1475,10,'I',5);
INSERT INTO "seat" VALUES(1476,10,'I',6);
INSERT INTO "seat" VALUES(1477,10,'I',7);
INSERT INTO "seat" VALUES(1478,10,'I',8);
INSERT INTO "seat" VALUES(1479,10,'I',9);
INSERT INTO "seat" VALUES(1480,10,'I',10);
INSERT INTO "seat" VALUES(1481,10,'I',11);
INSERT INTO "seat" VALUES(1482,10,'I',12);
INSERT INTO "seat" VALUES(1483,10,'I',13);
INSERT INTO "seat" VALUES(1484,10,'I',14);
INSERT INTO "seat" VALUES(1485,10,'I',15);
INSERT INTO "seat" VALUES(1486,10,'J',1);
INSERT INTO "seat" VALUES(1487,10,'J',2);
INSERT INTO "seat" VALUES(1488,10,'J',3);
INSERT INTO "seat" VALUES(1489,10,'J',4);
INSERT INTO "seat" VALUES(1490,10,'J',5);
INSERT INTO "seat" VALUES(1491,10,'J',6);
INSERT INTO "seat" VALUES(1492,10,'J',7);
INSERT INTO "seat" VALUES(1493,10,'J',8);
INSERT INTO "seat" VALUES(1494,10,'J',9);
INSERT INTO "seat" VALUES(1495,10,'J',10);
INSERT INTO "seat" VALUES(1496,10,'J',11);
INSERT INTO "seat" VALUES(1497,10,'J',12);
INSERT INTO "seat" VALUES(1498,10,'J',13);
INSERT INTO "seat" VALUES(1499,10,'J',14);
INSERT INTO "seat" VALUES(1500,10,'J',15);
INSERT INTO "seat" VALUES(1501,11,'A',1);
INSERT INTO "seat" VALUES(1502,11,'A',2);
INSERT INTO "seat" VALUES(1503,11,'A',3);
INSERT INTO "seat" VALUES(1504,11,'A',4);
INSERT INTO "seat" VALUES(1505,11,'A',5);
INSERT INTO "seat" VALUES(1506,11,'A',6);
INSERT INTO "seat" VALUES(1507,11,'A',7);
INSERT INTO "seat" VALUES(1508,11,'A',8);
INSERT INTO "seat" VALUES(1509,11,'A',9);
INSERT INTO "seat" VALUES(1510,11,'A',10);
INSERT INTO "seat" VALUES(1511,11,'A',11);
INSERT INTO "seat" VALUES(1512,11,'A',12);
INSERT INTO "seat" VALUES(1513,11,'A',13);
INSERT INTO "seat" VALUES(1514,11,'A',14);
INSERT INTO "seat" VALUES(1515,11,'A',15);
INSERT INTO "seat" VALUES(1516,11,'B',1);
INSERT INTO "seat" VALUES(1517,11,'B',2);
INSERT INTO "seat" VALUES(1518,11,'B',3);
INSERT INTO "seat" VALUES(1519,11,'B',4);
INSERT INTO "seat" VALUES(1520,11,'B',5);
INSERT INTO "seat" VALUES(1521,11,'B',6);
INSERT INTO "seat" VALUES(1522,11,'B',7);
INSERT INTO "seat" VALUES(1523,11,'B',8);
INSERT INTO "seat" VALUES(1524,11,'B',9);
INSERT INTO "seat" VALUES(1525,11,'B',10);
INSERT INTO "seat" VALUES(1526,11,'B',11);
INSERT INTO "seat" VALUES(1527,11,'B',12);
INSERT INTO "seat" VALUES(1528,11,'B',13);
INSERT INTO "seat" VALUES(1529,11,'B',14);
INSERT INTO "seat" VALUES(1530,11,'B',15);
INSERT INTO "seat" VALUES(1531,11,'C',1);
INSERT INTO "seat" VALUES(1532,11,'C',2);
INSERT INTO "seat" VALUES(1533,11,'C',3);
INSERT INTO "seat" VALUES(1534,11,'C',4);
INSERT INTO "seat" VALUES(1535,11,'C',5);
INSERT INTO "seat" VALUES(1536,11,'C',6);
INSERT INTO "seat" VALUES(1537,11,'C',7);
INSERT INTO "seat" VALUES(1538,11,'C',8);
INSERT INTO "seat" VALUES(1539,11,'C',9);
INSERT INTO "seat" VALUES(1540,11,'C',10);
INSERT INTO "seat" VALUES(1541,11,'C',11);
INSERT INTO "seat" VALUES(1542,11,'C',12);
INSERT INTO "seat" VALUES(1543,11,'C',13);
INSERT INTO "seat" VALUES(1544,11,'C',14);
INSERT INTO "seat" VALUES(1545,11,'C',15);
INSERT INTO "seat" VALUES(1546,11,'D',1);
INSERT INTO "seat" VALUES(1547,11,'D',2);
INSERT INTO "seat" VALUES(1548,11,'D',3);
INSERT INTO "seat" VALUES(1549,11,'D',4);
INSERT INTO "seat" VALUES(1550,11,'D',5);
INSERT INTO "seat" VALUES(1551,11,'D',6);
INSERT INTO "seat" VALUES(1552,11,'D',7);
INSERT INTO "seat" VALUES(1553,11,'D',8);
INSERT INTO "seat" VALUES(1554,11,'D',9);
INSERT INTO "seat" VALUES(1555,11,'D',10);
INSERT INTO "seat" VALUES(1556,11,'D',11);
INSERT INTO "seat" VALUES(1557,11,'D',12);
INSERT INTO "seat" VALUES(1558,11,'D',13);
INSERT INTO "seat" VALUES(1559,11,'D',14);
INSERT INTO "seat" VALUES(1560,11,'D',15);
INSERT INTO "seat" VALUES(1561,11,'E',1);
INSERT INTO "seat" VALUES(1562,11,'E',2);
INSERT INTO "seat" VALUES(1563,11,'E',3);
INSERT INTO "seat" VALUES(1564,11,'E',4);
INSERT INTO "seat" VALUES(1565,11,'E',5);
INSERT INTO "seat" VALUES(1566,11,'E',6);
INSERT INTO "seat" VALUES(1567,11,'E',7);
INSERT INTO "seat" VALUES(1568,11,'E',8);
INSERT INTO "seat" VALUES(1569,11,'E',9);
INSERT INTO "seat" VALUES(1570,11,'E',10);
INSERT INTO "seat" VALUES(1571,11,'E',11);
INSERT INTO "seat" VALUES(1572,11,'E',12);
INSERT INTO "seat" VALUES(1573,11,'E',13);
INSERT INTO "seat" VALUES(1574,11,'E',14);
INSERT INTO "seat" VALUES(1575,11,'E',15);
INSERT INTO "seat" VALUES(1576,11,'F',1);
INSERT INTO "seat" VALUES(1577,11,'F',2);
INSERT INTO "seat" VALUES(1578,11,'F',3);
INSERT INTO "seat" VALUES(1579,11,'F',4);
INSERT INTO "seat" VALUES(1580,11,'F',5);
INSERT INTO "seat" VALUES(1581,11,'F',6);
INSERT INTO "seat" VALUES(1582,11,'F',7);
INSERT INTO "seat" VALUES(1583,11,'F',8);
INSERT INTO "seat" VALUES(1584,11,'F',9);
INSERT INTO "seat" VALUES(1585,11,'F',10);
INSERT INTO "seat" VALUES(1586,11,'F',11);
INSERT INTO "seat" VALUES(1587,11,'F',12);
INSERT INTO "seat" VALUES(1588,11,'F',13);
INSERT INTO "seat" VALUES(1589,11,'F',14);
INSERT INTO "seat" VALUES(1590,11,'F',15);
INSERT INTO "seat" VALUES(1591,11,'G',1);
INSERT INTO "seat" VALUES(1592,11,'G',2);
INSERT INTO "seat" VALUES(1593,11,'G',3);
INSERT INTO "seat" VALUES(1594,11,'G',4);
INSERT INTO "seat" VALUES(1595,11,'G',5);
INSERT INTO "seat" VALUES(1596,11,'G',6);
INSERT INTO "seat" VALUES(1597,11,'G',7);
INSERT INTO "seat" VALUES(1598,11,'G',8);
INSERT INTO "seat" VALUES(1599,11,'G',9);
INSERT INTO "seat" VALUES(1600,11,'G',10);
INSERT INTO "seat" VALUES(1601,11,'G',11);
INSERT INTO "seat" VALUES(1602,11,'G',12);
INSERT INTO "seat" VALUES(1603,11,'G',13);
INSERT INTO "seat" VALUES(1604,11,'G',14);
INSERT INTO "seat" VALUES(1605,11,'G',15);
INSERT INTO "seat" VALUES(1606,11,'H',1);
INSERT INTO "seat" VALUES(1607,11,'H',2);
INSERT INTO "seat" VALUES(1608,11,'H',3);
INSERT INTO "seat" VALUES(1609,11,'H',4);
INSERT INTO "seat" VALUES(1610,11,'H',5);
INSERT INTO "seat" VALUES(1611,11,'H',6);
INSERT INTO "seat" VALUES(1612,11,'H',7);
INSERT INTO "seat" VALUES(1613,11,'H',8);
INSERT INTO "seat" VALUES(1614,11,'H',9);
INSERT INTO "seat" VALUES(1615,11,'H',10);
INSERT INTO "seat" VALUES(1616,11,'H',11);
INSERT INTO "seat" VALUES(1617,11,'H',12);
INSERT INTO "seat" VALUES(1618,11,'H',13);
INSERT INTO "seat" VALUES(1619,11,'H',14);
INSERT INTO "seat" VALUES(1620,11,'H',15);
INSERT INTO "seat" VALUES(1621,11,'I',1);
INSERT INTO "seat" VALUES(1622,11,'I',2);
INSERT INTO "seat" VALUES(1623,11,'I',3);
INSERT INTO "seat" VALUES(1624,11,'I',4);
INSERT INTO "seat" VALUES(1625,11,'I',5);
INSERT INTO "seat" VALUES(1626,11,'I',6);
INSERT INTO "seat" VALUES(1627,11,'I',7);
INSERT INTO "seat" VALUES(1628,11,'I',8);
INSERT INTO "seat" VALUES(1629,11,'I',9);
INSERT INTO "seat" VALUES(1630,11,'I',10);
INSERT INTO "seat" VALUES(1631,11,'I',11);
INSERT INTO "seat" VALUES(1632,11,'I',12);
INSERT INTO "seat" VALUES(1633,11,'I',13);
INSERT INTO "seat" VALUES(1634,11,'I',14);
INSERT INTO "seat" VALUES(1635,11,'I',15);
INSERT INTO "seat" VALUES(1636,11,'J',1);
INSERT INTO "seat" VALUES(1637,11,'J',2);
INSERT INTO "seat" VALUES(1638,11,'J',3);
INSERT INTO "seat" VALUES(1639,11,'J',4);
INSERT INTO "seat" VALUES(1640,11,'J',5);
INSERT INTO "seat" VALUES(1641,11,'J',6);
INSERT INTO "seat" VALUES(1642,11,'J',7);
INSERT INTO "seat" VALUES(1643,11,'J',8);
INSERT INTO "seat" VALUES(1644,11,'J',9);
INSERT INTO "seat" VALUES(1645,11,'J',10);
INSERT INTO "seat" VALUES(1646,11,'J',11);
INSERT INTO "seat" VALUES(1647,11,'J',12);
INSERT INTO "seat" VALUES(1648,11,'J',13);
INSERT INTO "seat" VALUES(1649,11,'J',14);
INSERT INTO "seat" VALUES(1650,11,'J',15);
CREATE TABLE showing(
    showingid INTEGER PRIMARY KEY AUTOINCREMENT,
    filmid INTEGER,
    screenid INTEGER,
    datetime TEXT,
    FOREIGN KEY(screenid) REFERENCES screen(screenid),
    FOREIGN KEY(filmid) REFERENCES film(filmid)
    );
INSERT INTO "showing" VALUES(1,1,2,'2025-01-18 14:05');
INSERT INTO "showing" VALUES(2,1,11,'2025-01-18 14:50');
INSERT INTO "showing" VALUES(3,1,8,'2025-01-18 16:00');
INSERT INTO "showing" VALUES(4,1,7,'2025-01-18 18:30');
INSERT INTO "showing" VALUES(5,1,7,'2025-01-19 11:45');
INSERT INTO "showing" VALUES(6,1,11,'2025-01-19 13:45');
INSERT INTO "showing" VALUES(7,1,2,'2025-01-19 14:45');
INSERT INTO "showing" VALUES(8,1,6,'2025-01-19 16:10');
INSERT INTO "showing" VALUES(9,1,5,'2025-01-19 18:15');
INSERT INTO "showing" VALUES(10,1,9,'2025-01-19 19:35');
INSERT INTO "showing" VALUES(11,1,4,'2025-01-20 11:45');
INSERT INTO "showing" VALUES(12,1,1,'2025-01-20 15:00');
INSERT INTO "showing" VALUES(13,1,8,'2025-01-20 17:00');
INSERT INTO "showing" VALUES(14,1,7,'2025-01-20 19:00');
INSERT INTO "showing" VALUES(15,1,8,'2025-01-21 11:35');
INSERT INTO "showing" VALUES(18,1,6,'2025-01-21 15:00');
INSERT INTO "showing" VALUES(19,1,7,'2025-01-21 18:55');
INSERT INTO "showing" VALUES(20,1,2,'2025-01-22 11:55');
INSERT INTO "showing" VALUES(21,1,6,'2025-01-22 13:55');
INSERT INTO "showing" VALUES(22,1,8,'2025-01-22 17:20');
INSERT INTO "showing" VALUES(23,1,10,'2025-01-22 18:35');
INSERT INTO "showing" VALUES(24,1,1,'2025-01-22 21:50');
INSERT INTO "showing" VALUES(25,1,11,'2025-01-23 12:10');
INSERT INTO "showing" VALUES(26,1,4,'2025-01-23 14:40');
INSERT INTO "showing" VALUES(27,1,2,'2025-01-23 17:35');
INSERT INTO "showing" VALUES(28,1,7,'2025-01-22 19:20');
INSERT INTO "showing" VALUES(29,2,5,'2025-01-18 16:25');
INSERT INTO "showing" VALUES(30,2,4,'2025-01-18 19:45');
INSERT INTO "showing" VALUES(31,2,5,'2025-01-18 22:05');
INSERT INTO "showing" VALUES(32,2,6,'2025-01-19 10:35');
INSERT INTO "showing" VALUES(33,2,5,'2025-01-19 12:40');
INSERT INTO "showing" VALUES(34,2,10,'2025-01-19 16:25');
INSERT INTO "showing" VALUES(35,2,11,'2025-01-19 18:40');
INSERT INTO "showing" VALUES(36,2,4,'2025-01-19 19:45');
INSERT INTO "showing" VALUES(37,2,1,'2025-01-20 11:55');
INSERT INTO "showing" VALUES(38,2,8,'2025-01-20 13:55');
INSERT INTO "showing" VALUES(39,2,7,'2025-01-20 16:00');
INSERT INTO "showing" VALUES(40,2,4,'2025-01-20 20:00');
INSERT INTO "showing" VALUES(41,2,11,'2025-01-21 11:30');
INSERT INTO "showing" VALUES(42,2,1,'2025-01-21 13:55');
INSERT INTO "showing" VALUES(43,2,7,'2025-01-21 15:55');
INSERT INTO "showing" VALUES(44,2,8,'2025-01-21 17:10');
INSERT INTO "showing" VALUES(45,2,4,'2025-01-21 19:35');
INSERT INTO "showing" VALUES(46,2,4,'2025-01-22 12:10');
INSERT INTO "showing" VALUES(47,2,8,'2025-01-22 14:20');
INSERT INTO "showing" VALUES(48,2,1,'2025-01-22 16:20');
INSERT INTO "showing" VALUES(49,2,11,'2025-01-22 18:50');
INSERT INTO "showing" VALUES(50,2,8,'2025-01-22 20:00');
INSERT INTO "showing" VALUES(51,2,5,'2025-01-22 21:00');
INSERT INTO "showing" VALUES(52,2,9,'2025-01-23 12:25');
INSERT INTO "showing" VALUES(53,2,2,'2025-01-23 14:25');
INSERT INTO "showing" VALUES(54,2,3,'2025-01-23 17:05');
INSERT INTO "showing" VALUES(55,2,9,'2025-01-23 20:20');
INSERT INTO "showing" VALUES(56,3,3,'2025-01-18 14:20');
INSERT INTO "showing" VALUES(57,3,4,'2025-01-18 16:45');
INSERT INTO "showing" VALUES(58,3,8,'2025-01-18 18:45');
INSERT INTO "showing" VALUES(59,3,6,'2025-01-18 20:00');
INSERT INTO "showing" VALUES(60,3,10,'2025-01-18 22:45');
INSERT INTO "showing" VALUES(61,3,4,'2025-01-19 16:45');
INSERT INTO "showing" VALUES(62,3,6,'2025-01-19 18:55');
INSERT INTO "showing" VALUES(63,3,11,'2025-01-20 13:15');
INSERT INTO "showing" VALUES(64,3,5,'2025-01-20 15:15');
INSERT INTO "showing" VALUES(65,3,2,'2025-01-20 19:45');
INSERT INTO "showing" VALUES(66,3,10,'2025-01-21 12:25');
INSERT INTO "showing" VALUES(67,3,11,'2025-01-21 19:55');
INSERT INTO "showing" VALUES(68,3,3,'2025-01-22 11:55');
INSERT INTO "showing" VALUES(69,3,11,'2025-01-22 15:55');
INSERT INTO "showing" VALUES(70,3,4,'2025-01-22 20:10');
INSERT INTO "showing" VALUES(71,3,10,'2025-01-23 13:15');
INSERT INTO "showing" VALUES(72,3,5,'2025-01-23 15:45');
INSERT INTO "showing" VALUES(73,3,4,'2025-01-23 19:50');
INSERT INTO "showing" VALUES(74,4,1,'2025-01-18 15:20');
INSERT INTO "showing" VALUES(75,4,3,'2025-01-18 20:40');
INSERT INTO "showing" VALUES(76,4,2,'2025-01-19 09:55');
INSERT INTO "showing" VALUES(77,4,1,'2025-01-19 12:00');
INSERT INTO "showing" VALUES(78,4,6,'2025-01-19 13:35');
INSERT INTO "showing" VALUES(79,4,6,'2025-01-20 11:30');
INSERT INTO "showing" VALUES(80,4,2,'2025-01-20 17:15');
INSERT INTO "showing" VALUES(81,4,10,'2025-01-20 19:15');
INSERT INTO "showing" VALUES(82,4,6,'2025-01-20 21:50');
INSERT INTO "showing" VALUES(83,4,9,'2025-01-21 12:40');
INSERT INTO "showing" VALUES(84,4,2,'2025-01-21 14:45');
INSERT INTO "showing" VALUES(85,4,6,'2025-01-21 17:55');
INSERT INTO "showing" VALUES(86,4,1,'2025-01-21 21:50');
INSERT INTO "showing" VALUES(87,4,9,'2025-01-22 11:35');
INSERT INTO "showing" VALUES(88,4,9,'2025-01-22 14:05');
INSERT INTO "showing" VALUES(89,4,2,'2025-01-22 17:00');
INSERT INTO "showing" VALUES(90,4,2,'2025-01-22 21:40');
INSERT INTO "showing" VALUES(91,4,6,'2025-01-23 11:45');
INSERT INTO "showing" VALUES(92,4,4,'2025-01-23 17:20');
INSERT INTO "showing" VALUES(93,4,7,'2025-01-23 22:00');
INSERT INTO "showing" VALUES(94,5,10,'2025-01-18 14:00');
INSERT INTO "showing" VALUES(95,5,10,'2025-01-18 16:30');
INSERT INTO "showing" VALUES(96,5,1,'2025-01-18 17:55');
INSERT INTO "showing" VALUES(97,5,5,'2025-01-18 19:30');
INSERT INTO "showing" VALUES(98,5,11,'2025-01-18 23:00');
INSERT INTO "showing" VALUES(99,5,5,'2025-01-19 10:10');
INSERT INTO "showing" VALUES(100,5,3,'2025-01-19 15:30');
INSERT INTO "showing" VALUES(101,5,1,'2025-01-19 18:00');
INSERT INTO "showing" VALUES(102,5,3,'2025-01-20 13:00');
INSERT INTO "showing" VALUES(103,5,9,'2025-01-20 15:25');
INSERT INTO "showing" VALUES(104,5,6,'2025-01-20 19:20');
INSERT INTO "showing" VALUES(105,5,4,'2025-01-21 11:55');
INSERT INTO "showing" VALUES(106,5,5,'2025-01-21 14:45');
INSERT INTO "showing" VALUES(107,5,2,'2025-01-21 17:30');
INSERT INTO "showing" VALUES(108,5,1,'2025-01-21 19:20');
INSERT INTO "showing" VALUES(109,5,7,'2025-01-22 13:00');
INSERT INTO "showing" VALUES(110,5,4,'2025-01-22 15:10');
INSERT INTO "showing" VALUES(111,5,3,'2025-01-22 17:15');
INSERT INTO "showing" VALUES(112,5,1,'2025-01-22 19:20');
INSERT INTO "showing" VALUES(113,5,8,'2025-01-23 11:35');
INSERT INTO "showing" VALUES(114,5,6,'2025-01-23 14:15');
INSERT INTO "showing" VALUES(115,5,9,'2025-01-23 17:50');
INSERT INTO "showing" VALUES(116,5,8,'2025-01-23 20:05');
INSERT INTO "showing" VALUES(117,6,8,'2025-01-18 13:35');
INSERT INTO "showing" VALUES(118,6,9,'2025-01-18 15:35');
INSERT INTO "showing" VALUES(119,6,1,'2025-01-19 09:40');
INSERT INTO "showing" VALUES(120,6,2,'2025-01-19 12:25');
INSERT INTO "showing" VALUES(121,6,7,'2025-01-19 14:25');
INSERT INTO "showing" VALUES(122,6,8,'2025-01-20 11:35');
INSERT INTO "showing" VALUES(123,6,6,'2025-01-20 16:50');
INSERT INTO "showing" VALUES(124,6,1,'2025-01-21 17:00');
INSERT INTO "showing" VALUES(125,6,6,'2025-01-22 16:45');
INSERT INTO "showing" VALUES(126,6,2,'2025-01-23 12:05');
INSERT INTO "showing" VALUES(127,6,6,'2025-01-23 17:00');
INSERT INTO "showing" VALUES(128,7,1,'2025-01-18 20:30');
INSERT INTO "showing" VALUES(129,7,2,'2025-01-19 17:30');
INSERT INTO "showing" VALUES(130,7,9,'2025-01-20 17:55');
INSERT INTO "showing" VALUES(131,7,3,'2025-01-21 19:05');
INSERT INTO "showing" VALUES(132,7,7,'2025-01-22 15:30');
INSERT INTO "showing" VALUES(133,7,10,'2025-01-23 18:55');
INSERT INTO "showing" VALUES(134,8,2,'2025-01-18 17:00');
INSERT INTO "showing" VALUES(135,8,9,'2025-01-19 10:30');
INSERT INTO "showing" VALUES(136,8,10,'2025-01-20 12:30');
INSERT INTO "showing" VALUES(137,8,4,'2025-01-20 14:30');
INSERT INTO "showing" VALUES(138,8,7,'2025-01-21 13:00');
INSERT INTO "showing" VALUES(139,8,10,'2025-01-21 15:20');
INSERT INTO "showing" VALUES(140,8,3,'2025-01-22 19:45');
INSERT INTO "showing" VALUES(141,8,5,'2025-01-23 12:50');
INSERT INTO "showing" VALUES(142,8,7,'2025-01-23 16:25');
INSERT INTO "showing" VALUES(143,8,3,'2025-01-23 20:15');
INSERT INTO "showing" VALUES(144,9,7,'2025-01-18 15:05');
INSERT INTO "showing" VALUES(145,9,4,'2025-01-19 10:45');
INSERT INTO "showing" VALUES(146,9,9,'2025-01-19 13:25');
INSERT INTO "showing" VALUES(147,9,1,'2025-01-19 14:35');
INSERT INTO "showing" VALUES(148,9,10,'2025-01-20 15:45');
INSERT INTO "showing" VALUES(149,9,6,'2025-01-21 11:40');
INSERT INTO "showing" VALUES(150,9,3,'2025-01-21 13:15');
INSERT INTO "showing" VALUES(151,9,9,'2025-01-21 15:10');
INSERT INTO "showing" VALUES(152,9,5,'2025-01-21 17:15');
INSERT INTO "showing" VALUES(153,9,2,'2025-01-21 20:00');
INSERT INTO "showing" VALUES(154,9,9,'2025-01-22 16:35');
INSERT INTO "showing" VALUES(155,9,7,'2025-01-21 20:35');
INSERT INTO "showing" VALUES(156,9,1,'2025-01-23 11:50');
INSERT INTO "showing" VALUES(157,9,3,'2025-01-23 13:45');
INSERT INTO "showing" VALUES(158,9,8,'2025-01-23 16:45');
INSERT INTO "showing" VALUES(159,9,6,'2025-01-23 19:35');
CREATE TABLE user(
    userid INTEGER PRIMARY KEY AUTOINCREMENT,
    username TEXT,
    phonenumber VARCHAR(15)
    , passwordhash TEXT, email TEXT);
CREATE UNIQUE INDEX idx_unique_email ON user(email);
DELETE FROM "sqlite_sequence";
INSERT INTO "sqlite_sequence" VALUES('film',81);
INSERT INTO "sqlite_sequence" VALUES('screen',11);
INSERT INTO "sqlite_sequence" VALUES('seat',1650);
INSERT INTO "sqlite_sequence" VALUES('showing',159);
INSERT INTO "sqlite_sequence" VALUES('user',2);
INSERT INTO "sqlite_sequence" VALUES('booking',22);
INSERT INTO "sqlite_sequence" VALUES('bookingdetail',50);
COMMIT;
